"Season","game.id","date","Team","playerID","name","pass.att","pass.comp","passyds","pass.tds","pass.ints","pass.twopta","pass.twoptm","rush.att","rushyds","rushtds","rushlng","rushlngtd","rush.twopta","rush.twoptm","recept","recyds","rec.tds","reclng","reclngtd","rec.twopta","rec.twoptm","kick.rets","kickret.avg","kickret.tds","kick.ret.lng","kickret.lngtd","punt.rets","puntret.avg","puntret.tds","puntret.lng","puntret.lngtd","fgm","fga","fgyds","totpts.fg","xpmade","xpmissed","xpa","xpb","xppts.tot","tackles","asst.tackles","sacks","defints","forced.fumbs","totalfumbs","recfumbs","totalrecfumbs","fumbyds","fumbslost","games","week"
2016,"2016090800",2016-09-08,"DEN","00-0032156","T.Siemian",26,18,178,1,2,0,0,5,20,0,11,0,0,0,0,0,0,0,0,0,0,0,0,0,0,0,0,0,0,0,0,0,0,0,0,0,0,0,0,0,0,0,0,0,0,0,0,0,0,0,1,1
2016,"2016090800",2016-09-08,"CAR","00-0027939","C.Newton",33,18,194,1,1,0,0,11,54,1,12,2,0,0,0,0,0,0,0,0,0,0,0,0,0,0,0,0,0,0,0,0,0,0,0,0,0,0,0,0,0,0,0,0,0,0,0,0,0,0,1,1
2016,"2016091100",2016-09-11,"ATL","00-0026143","M.Ryan",39,27,334,2,0,1,1,3,10,0,8,0,0,0,0,0,0,0,0,0,0,0,0,0,0,0,0,0,0,0,0,0,0,0,0,0,0,0,0,0,0,0,0,0,0,0,0,0,0,0,1,1
2016,"2016091100",2016-09-11,"TB","00-0031503","J.Winston",33,23,281,4,1,0,0,4,3,0,4,0,0,0,0,0,0,0,0,0,0,0,0,0,0,0,0,0,0,0,0,0,0,0,0,0,0,0,0,0,0,0,0,0,0,0,0,0,0,0,1,1
2016,"2016091108",2016-09-11,"TEN","00-0032268","M.Mariota",41,25,271,2,1,1,0,4,19,0,10,0,0,0,0,0,0,0,0,0,0,0,0,0,0,0,0,0,0,0,0,0,0,0,0,0,0,0,0,0,0,0,0,0,0,1,0,0,-1,1,1,1
2016,"2016091108",2016-09-11,"MIN","00-0020679","S.Hill",33,18,236,0,0,0,0,2,8,0,9,0,0,0,0,0,0,0,0,0,0,0,0,0,0,0,0,0,0,0,0,0,0,0,0,0,0,0,0,0,0,0,0,0,0,0,0,0,0,0,1,1
2016,"2016091107",2016-09-11,"PHI","00-0032950","C.Wentz",37,22,278,2,0,0,0,2,1,0,1,0,0,0,0,0,0,0,0,0,0,0,0,0,0,0,0,0,0,0,0,0,0,0,0,0,0,0,0,0,0,0,0,0,0,2,1,1,-6,0,1,1
2016,"2016091107",2016-09-11,"CLE","00-0029665","R.Griffin",26,12,190,0,1,0,0,5,37,0,20,0,0,0,0,0,0,0,0,0,0,0,0,0,0,0,0,0,0,0,0,0,0,0,0,0,0,0,0,0,0,0,0,0,0,1,1,1,0,0,1,1
2016,"2016091106",2016-09-11,"NYJ","00-0023682","R.Fitzpatrick",35,19,189,2,1,0,0,4,15,0,9,0,0,0,0,0,0,0,0,0,0,0,0,0,0,0,0,0,0,0,0,0,0,0,0,0,0,0,0,0,0,0,0,0,0,1,1,1,-2,0,1,1
2016,"2016091106",2016-09-11,"CIN","00-0027973","A.Dalton",30,23,366,1,1,0,0,3,7,0,5,0,0,0,0,0,0,0,0,0,0,0,0,0,0,0,0,0,0,0,0,0,0,0,0,0,0,0,0,0,0,0,0,0,0,0,0,0,0,0,1,1
2016,"2016091105",2016-09-11,"NO","00-0020531","D.Brees",42,28,423,4,0,0,0,2,5,0,4,0,0,0,0,0,0,0,0,0,0,0,0,0,0,0,0,0,0,0,0,0,0,0,0,0,0,0,0,0,0,0,0,0,0,1,0,0,0,1,1,1
2016,"2016091105",2016-09-11,"OAK","00-0031280","D.Carr",38,24,319,1,0,3,2,2,16,0,11,0,0,0,0,0,0,0,0,0,0,0,0,0,0,0,0,0,0,0,0,0,0,0,0,0,0,0,0,0,0,0,0,0,0,0,0,0,0,0,1,1
2016,"2016091104",2016-09-11,"KC","00-0023436","A.Smith",48,34,363,2,1,0,0,4,15,1,7,2,0,0,0,0,0,0,0,0,0,0,0,0,0,0,0,0,0,0,0,0,0,0,0,0,0,0,0,0,0,0,0,0,0,0,0,0,0,0,1,1
2016,"2016091104",2016-09-11,"SD","00-0022942","P.Rivers",36,25,243,1,0,0,0,2,9,0,10,0,0,0,0,0,0,0,0,0,0,0,0,0,0,0,0,0,0,0,0,0,0,0,0,0,0,0,0,0,0,0,0,0,0,0,0,0,0,0,1,1
2016,"2016091101",2016-09-11,"BAL","00-0026158","J.Flacco",34,23,258,1,0,0,0,4,-3,0,0,0,0,0,0,0,0,0,0,0,0,0,0,0,0,0,0,0,0,0,0,0,0,0,0,0,0,0,0,0,0,0,0,0,0,1,0,0,-2,1,1,1
2016,"2016091101",2016-09-11,"BUF","00-0028118","T.Taylor",22,15,111,0,0,0,0,5,11,0,6,0,0,0,0,0,0,0,0,0,0,0,0,0,0,0,0,0,0,0,0,0,0,0,0,0,0,0,0,0,0,0,0,0,0,0,0,0,0,0,1,1
2016,"2016091102",2016-09-11,"HOU","00-0029682","B.Osweiler",35,22,231,2,1,0,0,4,14,0,15,0,0,0,0,0,0,0,0,0,0,0,0,0,0,0,0,0,0,0,0,0,0,0,0,0,0,0,0,0,0,0,0,0,0,0,0,0,0,0,1,1
2016,"2016091102",2016-09-11,"CHI","00-0024226","J.Cutler",29,16,216,1,1,0,0,2,12,0,12,0,0,0,0,0,0,0,0,0,0,0,0,0,0,0,0,0,0,0,0,0,0,0,0,0,0,0,0,0,0,0,0,0,0,2,2,2,0,0,1,1
2016,"2016091103",2016-09-11,"JAC","00-0031407","B.Bortles",39,24,320,1,1,0,0,2,2,0,3,0,0,0,0,0,0,0,0,0,0,0,0,0,0,0,0,0,0,0,0,0,0,0,0,0,0,0,0,0,0,0,0,0,0,0,0,0,0,0,1,1
2016,"2016091103",2016-09-11,"GB","00-0023459","A.Rodgers",34,20,199,2,0,0,0,4,16,1,8,6,0,0,0,0,0,0,0,0,0,0,0,0,0,0,0,0,0,0,0,0,0,0,0,0,0,0,0,0,0,0,0,0,0,0,0,0,0,0,1,1
2016,"2016091109",2016-09-11,"SEA","00-0029263","R.Wilson",43,27,258,1,1,0,0,4,16,0,9,0,0,0,0,0,0,0,0,0,0,0,0,0,0,0,0,0,0,0,0,0,0,0,0,0,0,0,0,0,0,0,0,0,0,1,0,0,-6,1,1,1
2016,"2016091109",2016-09-11,"MIA","00-0029701","R.Tannehill",29,16,186,0,0,0,0,5,17,1,11,2,0,0,0,0,0,0,0,0,0,0,0,0,0,0,0,0,0,0,0,0,0,0,0,0,0,0,0,0,0,0,0,0,0,1,0,0,0,0,1,1
2016,"2016091110",2016-09-11,"DAL","00-0033077","D.Prescott",45,25,227,0,0,0,0,2,12,0,11,0,0,0,0,0,0,0,0,0,0,0,0,0,0,0,0,0,0,0,0,0,0,0,0,0,0,0,0,0,0,0,0,0,0,0,0,0,0,0,1,1
2016,"2016091110",2016-09-11,"NYG","00-0022803","E.Manning",28,19,207,3,1,0,0,0,0,0,0,0,0,0,0,0,0,0,0,0,0,0,0,0,0,0,0,0,0,0,0,0,0,0,0,0,0,0,0,0,0,0,0,0,0,1,0,0,0,0,1,1
2016,"2016091111",2016-09-11,"IND","00-0029668","A.Luck",47,31,385,4,0,1,1,3,21,0,11,0,0,0,0,0,0,0,0,0,0,0,0,0,0,0,0,0,0,0,0,0,0,0,0,0,0,0,0,0,0,0,0,0,0,0,0,0,0,0,1,1
2016,"2016091111",2016-09-11,"DET","00-0026498","M.Stafford",39,31,340,3,0,0,0,2,5,0,6,0,0,0,0,0,0,0,0,0,0,0,0,0,0,0,0,0,0,0,0,0,0,0,0,0,0,0,0,0,0,0,0,0,0,0,0,0,0,0,1,1
2016,"2016091112",2016-09-11,"ARI","00-0021429","C.Palmer",37,24,271,2,0,0,0,2,1,0,1,0,0,0,0,0,0,0,0,0,0,0,0,0,0,0,0,0,0,0,0,0,0,0,0,0,0,0,0,0,0,0,0,0,0,1,1,1,-2,0,1,1
2016,"2016091112",2016-09-11,"NE","00-0031345","J.Garoppolo",33,24,264,1,0,0,0,4,12,0,10,0,0,0,1,3,0,3,0,0,0,0,0,0,0,0,0,0,0,0,0,0,0,0,0,0,0,0,0,0,0,0,0,0,0,2,0,0,-2,1,1,1
2016,"2016091200",2016-09-12,"WAS","00-0029604","K.Cousins",43,30,329,0,2,0,0,1,8,0,8,0,0,0,0,0,0,0,0,0,0,0,0,0,0,0,0,0,0,0,0,0,0,0,0,0,0,0,0,0,0,0,0,0,0,0,0,0,0,0,1,1
2016,"2016091200",2016-09-12,"PIT","00-0022924","B.Roethlisberger",37,27,300,3,1,0,0,1,-2,0,-2,0,0,0,0,0,0,0,0,0,0,0,0,0,0,0,0,0,0,0,0,0,0,0,0,0,0,0,0,0,0,0,0,0,0,2,2,2,0,0,1,1
2016,"2016091201",2016-09-12,"SF","00-0027948","B.Gabbert",35,22,170,1,0,0,0,9,43,0,11,0,0,0,1,-16,0,-16,0,0,0,0,0,0,0,0,0,0,0,0,0,0,0,0,0,0,0,0,0,0,0,0,0,0,0,0,0,0,0,0,1,1
2016,"2016091201",2016-09-12,"LA","00-0028986","C.Keenum",35,17,130,0,2,0,0,3,10,0,6,0,0,0,0,0,0,0,0,0,0,0,0,0,0,0,0,0,0,0,0,0,0,0,0,0,0,0,0,0,0,0,0,0,0,0,0,0,0,0,1,1
2016,"2016091500",2016-09-15,"BUF","00-0028118","T.Taylor",30,18,297,3,1,0,0,2,25,0,15,0,0,0,0,0,0,0,0,0,0,0,0,0,0,0,0,0,0,0,0,0,0,0,0,0,0,0,0,0,0,0,0,0,0,0,0,0,0,0,1,2
2016,"2016091500",2016-09-15,"NYJ","00-0023682","R.Fitzpatrick",34,24,374,1,0,0,0,5,21,0,10,0,0,0,0,0,0,0,0,0,0,0,0,0,0,0,0,0,0,0,0,0,0,0,0,0,0,0,0,0,0,0,0,0,0,1,0,0,0,0,1,2
2016,"2016091800",2016-09-18,"CAR","00-0027939","C.Newton",40,24,353,4,1,0,0,6,37,0,16,0,0,0,0,0,0,0,0,0,0,0,0,0,0,0,0,0,0,0,0,0,0,0,0,0,0,0,0,0,0,0,0,0,0,1,0,0,0,1,1,2
2016,"2016091800",2016-09-18,"SF","00-0027948","B.Gabbert",36,17,243,2,2,0,0,3,10,1,6,1,0,0,0,0,0,0,0,0,0,0,0,0,0,0,0,0,0,0,0,0,0,0,0,0,0,0,0,0,0,0,0,0,0,0,0,0,0,0,1,2
2016,"2016091807",2016-09-18,"WAS","00-0029604","K.Cousins",46,28,364,1,1,0,0,2,20,0,10,0,0,0,0,0,0,0,0,0,0,0,0,0,0,0,0,0,0,0,0,0,0,0,0,0,0,0,0,0,0,0,0,0,0,0,0,0,0,0,1,2
2016,"2016091807",2016-09-18,"DAL","00-0033077","D.Prescott",30,22,292,0,0,0,0,1,6,1,6,6,0,0,0,0,0,0,0,0,0,0,0,0,0,0,0,0,0,0,0,0,0,0,0,0,0,0,0,0,0,0,0,0,0,0,0,0,0,0,1,2
2016,"2016091806",2016-09-18,"PIT","00-0022924","B.Roethlisberger",37,19,259,3,2,0,0,1,14,0,14,0,0,0,0,0,0,0,0,0,0,0,0,0,0,0,0,0,0,0,0,0,0,0,0,0,0,0,0,0,0,0,0,0,0,0,0,0,0,0,1,2
2016,"2016091806",2016-09-18,"CIN","00-0027973","A.Dalton",54,31,366,1,0,0,0,2,7,0,5,0,0,0,0,0,0,0,0,0,0,0,0,0,0,0,0,0,0,0,0,0,0,0,0,0,0,0,0,0,0,0,0,0,0,0,0,0,0,0,1,2
2016,"2016091805",2016-09-18,"NYG","00-0022803","E.Manning",41,32,368,0,0,0,0,4,-4,0,-1,0,0,0,0,0,0,0,0,0,0,0,0,0,0,0,0,0,0,0,0,0,0,0,0,0,0,0,0,0,0,0,0,0,0,1,0,0,0,1,1,2
2016,"2016091805",2016-09-18,"NO","00-0020531","D.Brees",44,29,263,1,0,0,0,0,0,0,0,0,0,0,0,0,0,0,0,0,0,0,0,0,0,0,0,0,0,0,0,0,0,0,0,0,0,0,0,0,0,0,0,0,0,0,0,0,0,0,1,2
2016,"2016091804",2016-09-18,"NE","00-0033119","J.Brissett",9,6,92,0,0,0,0,4,12,0,10,0,0,0,0,0,0,0,0,0,0,0,0,0,0,0,0,0,0,0,0,0,0,0,0,0,0,0,0,0,0,0,0,0,0,1,0,0,0,0,1,2
2016,"2016091804",2016-09-18,"NE","00-0031345","J.Garoppolo",27,18,234,3,0,0,0,0,0,0,0,0,0,0,0,0,0,0,0,0,0,0,0,0,0,0,0,0,0,0,0,0,0,0,0,0,0,0,0,0,0,0,0,0,0,0,0,0,0,0,1,2
2016,"2016091804",2016-09-18,"MIA","00-0029701","R.Tannehill",45,32,389,2,2,0,0,6,35,0,17,0,0,0,0,0,0,0,0,0,0,0,0,0,0,0,0,0,0,0,0,0,0,0,0,0,0,0,0,0,0,0,0,0,0,1,1,1,-19,0,1,2
2016,"2016091803",2016-09-18,"HOU","00-0029682","B.Osweiler",33,19,268,1,2,0,0,2,-3,0,-1,0,0,0,0,0,0,0,0,0,0,0,0,0,0,0,0,0,0,0,0,0,0,0,0,0,0,0,0,0,0,0,0,0,0,0,0,0,0,0,1,2
2016,"2016091803",2016-09-18,"KC","00-0023436","A.Smith",37,20,186,0,0,0,0,2,2,0,2,0,0,0,0,0,0,0,0,0,0,0,0,0,0,0,0,0,0,0,0,0,0,0,0,0,0,0,0,0,0,0,0,0,0,2,0,0,-17,2,1,2
2016,"2016091802",2016-09-18,"DET","00-0026498","M.Stafford",40,22,260,1,1,0,0,2,31,0,24,0,0,0,0,0,0,0,0,0,0,0,0,0,0,0,0,0,0,0,0,0,0,0,0,0,0,0,0,0,0,0,0,0,0,0,0,0,0,0,1,2
2016,"2016091802",2016-09-18,"TEN","00-0032268","M.Mariota",33,25,238,2,1,1,0,2,11,0,6,0,0,0,0,0,0,0,0,0,0,0,0,0,0,0,0,0,0,0,0,0,0,0,0,0,0,0,0,0,0,0,0,0,0,0,0,0,0,0,1,2
2016,"2016091801",2016-09-18,"CLE","00-0021206","J.McCown",33,20,260,2,2,0,0,2,0,0,0,0,0,0,0,0,0,0,0,0,0,0,0,0,0,0,0,0,0,0,0,0,0,0,0,0,0,0,0,0,0,0,0,0,0,1,1,1,-4,0,1,2
2016,"2016091801",2016-09-18,"BAL","00-0026158","J.Flacco",45,25,302,2,2,0,0,1,1,0,1,0,0,0,0,0,0,0,0,0,0,0,0,0,0,0,0,0,0,0,0,0,0,0,0,0,0,0,0,0,0,0,0,0,0,0,0,0,0,0,1,2
2016,"2016091809",2016-09-18,"LA","00-0028986","C.Keenum",30,18,239,0,0,0,0,3,5,0,7,0,0,0,0,0,0,0,0,0,0,0,0,0,0,0,0,0,0,0,0,0,0,0,0,0,0,0,0,0,0,0,0,0,0,0,0,0,0,0,1,2
2016,"2016091809",2016-09-18,"SEA","00-0029263","R.Wilson",35,22,254,0,0,0,0,5,14,0,8,0,0,0,0,0,0,0,0,0,0,0,0,0,0,0,0,0,0,0,0,0,0,0,0,0,0,0,0,0,0,0,0,0,0,1,0,0,0,1,1,2
2016,"2016091808",2016-09-18,"ARI","00-0021429","C.Palmer",31,18,308,3,0,0,0,0,0,0,0,0,0,0,0,0,0,0,0,0,0,0,0,0,0,0,0,0,0,0,0,0,0,0,0,0,0,0,0,0,0,0,0,0,0,0,0,0,0,0,1,2
2016,"2016091808",2016-09-18,"ARI","00-0025430","D.Stanton",4,1,11,0,0,0,0,0,0,0,0,0,0,0,0,0,0,0,0,0,0,0,0,0,0,0,0,0,0,0,0,0,0,0,0,0,0,0,0,0,0,0,0,0,0,0,0,0,0,0,1,2
2016,"2016091808",2016-09-18,"TB","00-0031503","J.Winston",52,27,243,1,4,0,0,3,9,0,8,0,0,0,0,0,0,0,0,0,0,0,0,0,0,0,0,0,0,0,0,0,0,0,0,0,0,0,0,0,0,0,0,0,0,1,0,0,0,1,1,2
2016,"2016091812",2016-09-18,"SD","00-0022942","P.Rivers",24,17,220,4,0,0,0,1,10,0,10,0,0,0,0,0,0,0,0,0,0,0,0,0,0,0,0,0,0,0,0,0,0,0,0,0,0,0,0,0,0,0,0,0,0,1,0,0,0,1,1,2
2016,"2016091812",2016-09-18,"JAX","00-0031407","B.Bortles",50,31,329,2,2,0,0,3,34,0,24,0,0,0,0,0,0,0,0,0,0,0,0,0,0,0,0,0,0,0,0,0,0,0,0,0,0,0,0,0,0,0,0,0,0,1,0,0,0,1,1,2
2016,"2016091811",2016-09-18,"OAK","00-0031280","D.Carr",45,34,299,3,0,0,0,2,10,0,5,0,0,0,0,0,0,0,0,0,0,0,0,0,0,0,0,0,0,0,0,0,0,0,0,0,0,0,0,0,0,0,0,0,0,0,0,0,0,0,1,2
2016,"2016091811",2016-09-18,"ATL","00-0026143","M.Ryan",34,26,396,3,1,0,0,0,0,0,0,0,0,0,0,0,0,0,0,0,0,0,0,0,0,0,0,0,0,0,0,0,0,0,0,0,0,0,0,0,0,0,0,0,0,0,0,0,0,0,1,2
2016,"2016091810",2016-09-18,"DEN","00-0032156","T.Siemian",33,22,266,0,1,1,1,1,7,0,7,0,0,0,0,0,0,0,0,0,0,0,0,0,0,0,0,0,0,0,0,0,0,0,0,0,0,0,0,0,0,0,0,0,0,0,0,0,0,0,1,2
2016,"2016091810",2016-09-18,"IND","00-0029668","A.Luck",40,21,197,1,1,0,0,3,22,0,21,0,0,0,0,0,0,0,0,0,0,0,0,0,0,0,0,0,0,0,0,0,0,0,0,0,0,0,0,0,0,0,0,0,0,1,0,0,0,1,1,2
2016,"2016091813",2016-09-18,"MIN","00-0027854","S.Bradford",31,22,286,2,0,0,0,1,-3,0,-3,0,0,0,0,0,0,0,0,0,0,0,0,0,0,0,0,0,0,0,0,0,0,0,0,0,0,0,0,0,0,0,0,0,0,0,0,0,0,0,1,2
2016,"2016091813",2016-09-18,"GB","00-0023459","A.Rodgers",36,20,213,1,1,0,0,3,29,1,10,10,0,0,0,0,0,0,0,0,0,0,0,0,0,0,0,0,0,0,0,0,0,0,0,0,0,0,0,0,0,0,0,0,0,3,0,0,0,1,1,2
2016,"2016091900",2016-09-19,"CHI","00-0024226","J.Cutler",17,12,157,0,1,0,0,0,0,0,0,0,0,0,0,0,0,0,0,0,0,0,0,0,0,0,0,0,0,0,0,0,0,0,0,0,0,0,0,0,0,0,0,0,0,1,0,0,0,1,1,2
2016,"2016091900",2016-09-19,"CHI","00-0026625","B.Hoyer",12,9,78,0,0,0,0,0,0,0,0,0,0,0,0,0,0,0,0,0,0,0,0,0,0,0,0,0,0,0,0,0,0,0,0,0,0,0,0,0,0,0,0,0,0,0,0,0,0,0,1,2
2016,"2016091900",2016-09-19,"PHI","00-0032950","C.Wentz",34,21,190,1,0,0,0,6,10,0,7,0,0,0,0,0,0,0,0,0,0,0,0,0,0,0,0,0,0,0,0,0,0,0,0,0,0,0,0,0,0,0,0,0,0,0,0,0,0,0,1,2
2016,"2016092200",2016-09-22,"NE","00-0033119","J.Brissett",19,11,103,0,0,0,0,8,48,1,27,27,0,0,0,0,0,0,0,0,0,0,0,0,0,0,0,0,0,0,0,0,0,0,0,0,0,0,0,0,0,0,0,0,0,0,0,0,0,0,1,3
2016,"2016092200",2016-09-22,"HOU","00-0029682","B.Osweiler",41,24,196,0,1,0,0,1,13,0,13,0,0,0,0,0,0,0,0,0,0,0,0,0,0,0,0,0,0,0,0,0,0,0,0,0,0,0,0,0,0,0,0,0,0,0,0,0,0,0,1,3
2016,"2016092500",2016-09-25,"BUF","00-0028118","T.Taylor",25,14,119,0,1,0,0,9,76,1,49,20,0,0,0,0,0,0,0,0,0,0,0,0,0,0,0,0,0,0,0,0,0,0,0,0,0,0,0,0,0,0,0,0,0,2,1,1,-3,0,1,3
2016,"2016092500",2016-09-25,"ARI","00-0021429","C.Palmer",50,26,287,0,4,1,0,0,0,0,0,0,0,0,0,0,0,0,0,0,0,0,0,0,0,0,0,0,0,0,0,0,0,0,0,0,0,0,0,0,0,0,0,0,0,2,1,1,0,0,1,3
2016,"2016092507",2016-09-25,"TEN","00-0032268","M.Mariota",33,17,214,0,2,0,0,3,22,0,9,0,0,0,0,0,0,0,0,0,0,0,0,0,0,0,0,0,0,0,0,0,0,0,0,0,0,0,0,0,0,0,0,0,0,2,0,0,0,1,1,3
2016,"2016092507",2016-09-25,"OAK","00-0031280","D.Carr",35,21,249,1,1,0,0,1,-1,0,-1,0,0,0,0,0,0,0,0,0,0,0,0,0,0,0,0,0,0,0,0,0,0,0,0,0,0,0,0,0,0,0,0,0,0,0,0,0,0,0,1,3
2016,"2016092506",2016-09-25,"NYG","00-0022803","E.Manning",38,25,350,1,2,0,0,0,0,0,0,0,0,0,0,0,0,0,0,0,0,0,0,0,0,0,0,0,0,0,0,0,0,0,0,0,0,0,0,0,0,0,0,0,0,2,0,0,0,0,1,3
2016,"2016092506",2016-09-25,"WAS","00-0029604","K.Cousins",35,21,296,2,0,0,0,3,-5,0,-1,0,0,0,0,0,0,0,0,0,0,0,0,0,0,0,0,0,0,0,0,0,0,0,0,0,0,0,0,0,0,0,0,0,0,1,1,1,0,0,1,3
2016,"2016092505",2016-09-25,"MIA","00-0029701","R.Tannehill",39,25,319,3,2,0,0,1,2,0,2,0,0,0,0,0,0,0,0,0,0,0,0,0,0,0,0,0,0,0,0,0,0,0,0,0,0,0,0,0,0,0,0,0,0,1,0,0,0,1,1,3
2016,"2016092505",2016-09-25,"CLE","00-0033104","C.Kessler",33,21,244,0,0,1,1,2,-1,0,0,0,0,0,0,0,0,0,0,0,0,0,0,0,0,0,0,0,0,0,0,0,0,0,0,0,0,0,0,0,0,0,0,0,0,2,1,1,0,1,1,3
2016,"2016092505",2016-09-25,"CLE","00-0028825","T.Pryor",5,3,35,0,0,0,0,4,21,1,15,3,0,0,8,144,0,40,0,0,0,0,0,0,0,0,0,0,0,0,0,0,0,0,0,0,0,0,0,0,0,0,0,0,0,0,0,0,0,0,1,3
2016,"2016092504",2016-09-25,"JAX","00-0031407","B.Bortles",38,24,194,2,3,0,0,3,17,0,9,0,0,0,0,0,0,0,0,0,0,0,0,0,0,0,0,0,0,0,0,0,0,0,0,0,0,0,0,0,0,0,0,0,0,0,0,0,0,0,1,3
2016,"2016092504",2016-09-25,"BAL","00-0026158","J.Flacco",40,29,214,0,2,0,0,3,12,1,7,7,0,0,0,0,0,0,0,0,0,0,0,0,0,0,0,0,0,0,0,0,0,0,0,0,0,0,0,0,0,0,0,0,0,1,1,1,0,0,1,3
2016,"2016092503",2016-09-25,"GB","00-0023459","A.Rodgers",24,15,205,4,0,0,0,5,22,0,14,0,0,0,0,0,0,0,0,0,0,0,0,0,0,0,0,0,0,0,0,0,0,0,0,0,0,0,0,0,0,0,0,0,0,0,0,0,0,0,1,3
2016,"2016092503",2016-09-25,"DET","00-0026498","M.Stafford",41,28,385,3,1,0,0,2,11,0,7,0,0,0,0,0,0,0,0,0,0,0,0,0,0,0,0,0,0,0,0,0,0,0,0,0,0,0,0,0,0,0,0,0,0,0,0,0,0,0,1,3
2016,"2016092502",2016-09-25,"CIN","00-0027973","A.Dalton",31,21,206,0,1,0,0,6,40,0,15,0,0,0,0,0,0,0,0,0,0,0,0,0,0,0,0,0,0,0,0,0,0,0,0,0,0,0,0,0,0,0,0,0,0,0,0,0,0,0,1,3
2016,"2016092502",2016-09-25,"DEN","00-0032156","T.Siemian",35,23,312,4,0,0,0,3,5,0,5,0,1,0,0,0,0,0,0,0,0,0,0,0,0,0,0,0,0,0,0,0,0,0,0,0,0,0,0,0,0,0,0,0,0,0,0,0,0,0,1,3
2016,"2016092501",2016-09-25,"CAR","00-0027939","C.Newton",35,21,262,0,3,0,0,7,26,1,11,3,0,0,0,0,0,0,0,0,0,0,0,0,0,0,0,0,0,0,0,0,0,0,0,0,0,0,0,0,0,0,0,0,0,0,0,0,0,0,1,3
2016,"2016092501",2016-09-25,"MIN","00-0027854","S.Bradford",28,18,171,1,0,0,0,2,-2,0,-1,0,0,0,0,0,0,0,0,0,0,0,0,0,0,0,0,0,0,0,0,0,0,0,0,0,0,0,0,0,0,0,0,0,0,0,0,0,0,0,1,3
2016,"2016092509",2016-09-25,"TB","00-0031503","J.Winston",58,36,405,3,1,2,0,4,13,0,10,0,0,0,0,0,0,0,0,0,0,0,0,0,0,0,0,0,0,0,0,0,0,0,0,0,0,0,0,0,0,0,0,0,0,1,1,1,0,1,1,3
2016,"2016092509",2016-09-25,"LA","00-0028986","C.Keenum",26,14,190,2,1,0,0,2,1,0,5,0,1,0,0,0,0,0,0,0,0,0,0,0,0,0,0,0,0,0,0,0,0,0,0,0,0,0,0,0,0,0,0,0,0,0,0,0,0,0,1,3
2016,"2016092508",2016-09-25,"SEA","00-0029263","R.Wilson",23,15,243,1,0,0,0,1,3,0,3,0,0,0,0,0,0,0,0,0,0,0,0,0,0,0,0,0,0,0,0,0,0,0,0,0,0,0,0,0,0,0,0,0,0,0,0,0,0,0,1,3
2016,"2016092508",2016-09-25,"SEA","00-0032462","T.Boykin",9,7,65,1,1,0,0,2,-2,0,0,0,0,0,0,0,0,0,0,0,0,0,0,0,0,0,0,0,0,0,0,0,0,0,0,0,0,0,0,0,0,0,0,0,0,0,0,0,0,0,1,3
2016,"2016092508",2016-09-25,"SF","00-0027948","B.Gabbert",25,14,119,0,1,0,0,5,22,0,10,0,0,0,0,0,0,0,0,0,0,0,0,0,0,0,0,0,0,0,0,0,0,0,0,0,0,0,0,0,0,0,0,0,0,0,0,0,0,0,1,3
2016,"2016092512",2016-09-25,"KC","00-0023436","A.Smith",33,25,237,1,0,0,0,3,-3,0,-1,0,0,0,0,0,0,0,0,0,0,0,0,0,0,0,0,0,0,0,0,0,0,0,0,0,0,0,0,0,0,0,0,0,0,0,0,0,0,0,1,3
2016,"2016092512",2016-09-25,"NYJ","00-0023682","R.Fitzpatrick",44,20,188,0,6,0,0,3,22,0,12,0,0,0,0,0,0,0,0,0,0,0,0,0,0,0,0,0,0,0,0,0,0,0,0,0,0,0,0,0,0,0,0,0,0,1,1,1,0,0,1,3
2016,"2016092511",2016-09-25,"IND","00-0029668","A.Luck",37,24,331,1,1,1,0,0,0,0,0,0,0,0,0,0,0,0,0,0,0,0,0,0,0,0,0,0,0,0,0,0,0,0,0,0,0,0,0,0,0,0,0,0,0,1,1,1,0,1,1,3
2016,"2016092511",2016-09-25,"SD","00-0022942","P.Rivers",39,26,330,0,0,0,0,1,2,0,2,0,0,0,0,0,0,0,0,0,0,0,0,0,0,0,0,0,0,0,0,0,0,0,0,0,0,0,0,0,0,0,0,0,0,1,0,0,0,1,1,3
2016,"2016092510",2016-09-25,"PHI","00-0032950","C.Wentz",31,23,301,2,0,0,0,1,10,0,10,0,0,0,0,0,0,0,0,0,0,0,0,0,0,0,0,0,0,0,0,0,0,0,0,0,0,0,0,0,0,0,0,0,0,1,1,1,0,0,1,3
2016,"2016092510",2016-09-25,"PIT","00-0022924","B.Roethlisberger",44,24,257,0,1,0,0,1,7,0,7,0,0,0,0,0,0,0,0,0,0,0,0,0,0,0,0,0,0,0,0,0,0,0,0,0,0,0,0,0,0,0,0,0,0,2,1,1,0,1,1,3
2016,"2016092513",2016-09-25,"DAL","00-0033077","D.Prescott",24,19,248,1,0,0,0,4,36,1,17,1,0,0,0,0,0,0,0,0,0,0,0,0,0,0,0,0,0,0,0,0,0,0,0,0,0,0,0,0,0,0,0,0,0,0,0,0,0,0,1,3
2016,"2016092513",2016-09-25,"CHI","00-0026625","B.Hoyer",49,30,317,2,0,0,0,3,-3,0,3,0,0,0,0,0,0,0,0,0,0,0,0,0,0,0,0,0,0,0,0,0,0,0,0,0,0,0,0,0,0,0,0,0,0,2,1,1,0,1,1,3
2016,"2016092600",2016-09-26,"NO","00-0020531","D.Brees",54,36,376,3,1,0,0,2,9,0,7,0,0,0,0,0,0,0,0,0,0,0,0,0,0,0,0,0,0,0,0,0,0,0,0,0,0,0,0,0,0,0,0,0,0,0,0,0,0,0,1,3
2016,"2016092600",2016-09-26,"ATL","00-0026143","M.Ryan",30,20,240,2,0,0,0,5,23,0,18,0,0,0,0,0,0,0,0,0,0,0,0,0,0,0,0,0,0,0,0,0,0,0,0,0,0,0,0,0,0,0,0,0,0,0,0,0,0,0,1,3
2016,"2016092900",2016-09-29,"CIN","00-0027973","A.Dalton",31,22,296,1,0,0,0,6,-12,0,0,0,0,0,0,0,0,0,0,0,0,0,0,0,0,0,0,0,0,0,0,0,0,0,0,0,0,0,0,0,0,0,0,0,0,2,2,2,-14,0,1,4
2016,"2016092900",2016-09-29,"MIA","00-0029701","R.Tannehill",25,15,189,1,1,0,0,0,0,0,0,0,0,0,0,0,0,0,0,0,0,0,0,0,0,0,0,0,0,0,0,0,0,0,0,0,0,0,0,0,0,0,0,0,0,1,0,0,0,1,1,4
2016,"2016100200",2016-10-02,"JAX","00-0031407","B.Bortles",33,19,207,2,0,0,0,7,36,1,9,1,0,0,0,0,0,0,0,0,0,0,0,0,0,0,0,0,0,0,0,0,0,0,0,0,0,0,0,0,0,0,0,0,0,0,0,0,0,0,1,4
2016,"2016100200",2016-10-02,"IND","00-0029668","A.Luck",42,27,234,2,1,0,0,4,23,0,7,0,0,0,0,0,0,0,0,0,0,0,0,0,0,0,0,0,0,0,0,0,0,0,0,0,0,0,0,0,0,0,0,0,0,0,1,1,-1,0,1,4
2016,"2016100204",2016-10-02,"HOU","00-0029682","B.Osweiler",37,25,254,2,2,0,0,1,14,0,14,0,0,0,0,0,0,0,0,0,0,0,0,0,0,0,0,0,0,0,0,0,0,0,0,0,0,0,0,0,0,0,0,0,0,0,0,0,0,0,1,4
2016,"2016100204",2016-10-02,"TEN","00-0032268","M.Mariota",29,13,202,0,1,0,0,4,20,0,9,0,0,0,0,0,0,0,0,0,0,0,0,0,0,0,0,0,0,0,0,0,0,0,0,0,0,0,0,0,0,0,0,0,0,0,0,0,0,0,1,4
2016,"2016100207",2016-10-02,"WAS","00-0029604","K.Cousins",27,21,183,3,1,0,0,0,0,0,0,0,0,0,0,0,0,0,0,0,0,0,0,0,0,0,0,0,0,0,0,0,0,0,0,0,0,0,0,0,0,0,0,0,0,1,1,1,0,0,1,4
2016,"2016100207",2016-10-02,"CLE","00-0033104","C.Kessler",40,28,223,1,1,0,0,2,2,0,2,0,0,0,0,0,0,0,0,0,0,0,0,0,0,0,0,0,0,0,0,0,0,0,0,0,0,0,0,0,0,0,0,0,0,1,1,1,-2,0,1,4
2016,"2016100206",2016-10-02,"NYJ","00-0023682","R.Fitzpatrick",41,23,261,1,3,0,0,2,5,0,3,0,0,0,0,0,0,0,0,0,0,0,0,0,0,0,0,0,0,0,0,0,0,0,0,0,0,0,0,0,0,0,0,0,0,1,0,0,0,0,1,4
2016,"2016100206",2016-10-02,"SEA","00-0029263","R.Wilson",32,23,309,3,0,0,0,5,-5,0,2,0,0,0,0,0,0,0,0,0,0,0,0,0,0,0,0,0,0,0,0,0,0,0,0,0,0,0,0,0,0,0,0,0,0,0,0,0,0,0,1,4
2016,"2016100205",2016-10-02,"NE","00-0033119","J.Brissett",27,17,205,0,0,0,0,4,23,0,10,0,0,0,0,0,0,0,0,0,0,0,0,0,0,0,0,0,0,0,0,0,0,0,0,0,0,0,0,0,0,0,0,0,0,2,1,1,0,1,1,4
2016,"2016100205",2016-10-02,"BUF","00-0028118","T.Taylor",39,27,246,1,0,0,0,5,28,0,14,0,0,0,0,0,0,0,0,0,0,0,0,0,0,0,0,0,0,0,0,0,0,0,0,0,0,0,0,0,0,0,0,0,0,0,0,0,0,0,1,4
2016,"2016100201",2016-10-02,"ATL","00-0026143","M.Ryan",37,28,503,4,1,0,0,4,14,0,15,0,0,0,0,0,0,0,0,0,0,0,0,0,0,0,0,0,0,0,0,0,0,0,0,0,0,0,0,0,0,0,0,0,0,0,0,0,0,0,1,4
2016,"2016100201",2016-10-02,"CAR","00-0027939","C.Newton",25,14,165,1,0,0,0,5,30,0,21,0,1,1,0,0,0,0,0,0,0,0,0,0,0,0,0,0,0,0,0,0,0,0,0,0,0,0,0,0,0,0,0,0,0,0,0,0,0,0,1,4
2016,"2016100201",2016-10-02,"CAR","00-0023645","D.Anderson",23,17,172,2,2,1,1,0,0,0,0,0,0,0,0,0,0,0,0,0,0,0,0,0,0,0,0,0,0,0,0,0,0,0,0,0,0,0,0,0,0,0,0,0,0,0,0,0,0,0,1,4
2016,"2016100202",2016-10-02,"BAL","00-0026158","J.Flacco",52,32,298,1,0,2,1,1,1,1,1,1,0,0,0,0,0,0,0,0,0,0,0,0,0,0,0,0,0,0,0,0,0,0,0,0,0,0,0,0,0,0,0,0,0,1,0,0,0,1,1,4
2016,"2016100202",2016-10-02,"OAK","00-0031280","D.Carr",35,25,199,4,0,0,0,3,-2,0,0,0,0,0,0,0,0,0,0,0,0,0,0,0,0,0,0,0,0,0,0,0,0,0,0,0,0,0,0,0,0,0,0,0,0,0,0,0,0,0,1,4
2016,"2016100203",2016-10-02,"CHI","00-0026625","B.Hoyer",36,28,302,2,0,0,0,3,-3,0,-1,0,0,0,0,0,0,0,0,0,0,0,0,0,0,0,0,0,0,0,0,0,0,0,0,0,0,0,0,0,0,0,0,0,0,0,0,0,0,0,1,4
2016,"2016100203",2016-10-02,"DET","00-0026498","M.Stafford",36,23,213,0,2,1,1,2,17,0,15,0,0,0,0,0,0,0,0,0,0,0,0,0,0,0,0,0,0,0,0,0,0,0,0,0,0,0,0,0,0,0,0,0,0,0,0,0,0,0,1,4
2016,"2016100208",2016-10-02,"TB","00-0031503","J.Winston",35,17,179,0,2,0,0,5,19,1,8,7,0,0,0,0,0,0,0,0,0,0,0,0,0,0,0,0,0,0,0,0,0,0,0,0,0,0,0,0,0,0,0,0,0,1,1,1,-16,0,1,4
2016,"2016100208",2016-10-02,"DEN","00-0033108","P.Lynch",24,14,170,1,0,0,0,3,-4,0,-1,0,0,0,0,0,0,0,0,0,0,0,0,0,0,0,0,0,0,0,0,0,0,0,0,0,0,0,0,0,0,0,0,0,0,0,0,0,0,0,1,4
2016,"2016100208",2016-10-02,"DEN","00-0032156","T.Siemian",7,5,68,1,0,0,0,0,0,0,0,0,0,0,0,0,0,0,0,0,0,0,0,0,0,0,0,0,0,0,0,0,0,0,0,0,0,0,0,0,0,0,0,0,0,0,0,0,0,0,1,4
2016,"2016100209",2016-10-02,"ARI","00-0021429","C.Palmer",36,23,288,1,1,0,0,0,0,0,0,0,0,0,0,0,0,0,0,0,0,0,0,0,0,0,0,0,0,0,0,0,0,0,0,0,0,0,0,0,0,0,0,0,0,1,0,0,0,1,1,4
2016,"2016100209",2016-10-02,"ARI","00-0025430","D.Stanton",11,4,37,0,2,0,0,0,0,0,0,0,0,0,0,0,0,0,0,0,0,0,0,0,0,0,0,0,0,0,0,0,0,0,0,0,0,0,0,0,0,0,0,0,0,0,0,0,0,0,1,4
2016,"2016100209",2016-10-02,"LA","00-0028986","C.Keenum",30,18,266,2,0,0,0,3,14,0,13,0,0,0,0,0,0,0,0,0,0,0,0,0,0,0,0,0,0,0,0,0,0,0,0,0,0,0,0,0,0,0,0,0,0,1,0,0,0,1,1,4
2016,"2016100210",2016-10-02,"SD","00-0022942","P.Rivers",43,28,321,2,1,0,0,1,0,0,0,0,0,0,0,0,0,0,0,0,0,0,0,0,0,0,0,0,0,0,0,0,0,0,0,0,0,0,0,0,0,0,0,0,0,2,2,2,-7,0,1,4
2016,"2016100210",2016-10-02,"NO","00-0020531","D.Brees",36,23,206,2,2,0,0,4,-4,0,-1,0,0,0,0,0,0,0,0,0,0,0,0,0,0,0,0,0,0,0,0,0,0,0,0,0,0,0,0,0,0,0,0,0,0,0,0,0,0,0,1,4
2016,"2016100211",2016-10-02,"SF","00-0027948","B.Gabbert",23,16,196,1,1,0,0,12,27,0,7,0,0,0,0,0,0,0,0,0,0,0,0,0,0,0,0,0,0,0,0,0,0,0,0,0,0,0,0,0,0,0,0,0,0,0,0,0,0,0,1,4
2016,"2016100211",2016-10-02,"DAL","00-0033077","D.Prescott",32,23,245,2,0,0,0,5,3,0,9,0,0,0,0,0,0,0,0,0,0,0,0,0,0,0,0,0,0,0,0,0,0,0,0,0,0,0,0,0,0,0,0,0,0,0,0,0,0,0,1,4
2016,"2016100212",2016-10-02,"PIT","00-0022924","B.Roethlisberger",27,22,300,5,0,1,1,1,-1,0,-1,0,0,0,0,0,0,0,0,0,0,0,0,0,0,0,0,0,0,0,0,0,0,0,0,0,0,0,0,0,0,0,0,0,0,0,0,0,0,0,1,4
2016,"2016100212",2016-10-02,"KC","00-0023436","A.Smith",50,30,287,2,1,0,0,1,2,0,2,0,0,0,0,0,0,0,0,0,0,0,0,0,0,0,0,0,0,0,0,0,0,0,0,0,0,0,0,0,0,0,0,0,0,1,1,1,0,0,1,4
2016,"2016100300",2016-10-03,"MIN","00-0027854","S.Bradford",36,26,262,1,0,0,0,4,6,0,5,0,0,0,0,0,0,0,0,0,0,0,0,0,0,0,0,0,0,0,0,0,0,0,0,0,0,0,0,0,0,0,0,0,0,0,0,0,0,0,1,4
2016,"2016100300",2016-10-03,"NYG","00-0022803","E.Manning",45,25,261,0,1,0,0,0,0,0,0,0,0,0,0,0,0,0,0,0,0,0,0,0,0,0,0,0,0,0,0,0,0,0,0,0,0,0,0,0,0,0,0,0,0,0,0,0,0,0,1,4
2016,"2016100600",2016-10-06,"SF","00-0027948","B.Gabbert",31,18,162,1,2,0,0,10,70,1,24,1,0,0,0,0,0,0,0,0,0,0,0,0,0,0,0,0,0,0,0,0,0,0,0,0,0,0,0,0,0,0,0,0,0,0,0,0,0,0,1,5
2016,"2016100600",2016-10-06,"ARI","00-0025430","D.Stanton",28,11,124,2,0,0,0,2,-2,0,-1,0,0,0,0,0,0,0,0,0,0,0,0,0,0,0,0,0,0,0,0,0,0,0,0,0,0,0,0,0,0,0,0,0,0,0,0,0,0,0,1,5
2016,"2016100901",2016-10-09,"CLE","00-0033104","C.Kessler",8,5,62,1,0,0,0,1,0,0,0,0,0,0,0,0,0,0,0,0,0,0,0,0,0,0,0,0,0,0,0,0,0,0,0,0,0,0,0,0,0,0,0,0,0,1,0,0,-10,0,1,5
2016,"2016100901",2016-10-09,"CLE","00-0024296","C.Whitehurst",24,14,182,1,1,1,0,2,1,0,2,0,0,0,0,0,0,0,0,0,0,0,0,0,0,0,0,0,0,0,0,0,0,0,0,0,0,0,0,0,0,0,0,0,0,0,0,0,0,0,1,5
2016,"2016100901",2016-10-09,"NE","00-0019596","T.Brady",40,28,406,3,0,0,0,2,14,0,10,0,0,0,0,0,0,0,0,0,0,0,0,0,0,0,0,0,0,0,0,0,0,0,0,0,0,0,0,0,0,0,0,0,0,0,0,0,0,0,1,5
2016,"2016100902",2016-10-09,"DET","00-0026498","M.Stafford",25,19,180,3,0,0,0,6,16,0,14,0,0,0,0,0,0,0,0,0,0,0,0,0,0,0,0,0,0,0,0,0,0,0,0,0,0,0,0,0,0,0,0,0,0,1,0,0,0,1,1,5
2016,"2016100902",2016-10-09,"PHI","00-0032950","C.Wentz",33,25,238,2,1,0,0,2,14,0,10,0,0,0,0,0,0,0,0,0,0,0,0,0,0,0,0,0,0,0,0,0,0,0,0,0,0,0,0,0,0,0,0,0,0,0,0,0,0,0,1,5
2016,"2016100903",2016-10-09,"IND","00-0029668","A.Luck",39,28,322,2,0,0,0,5,13,0,12,0,0,0,0,0,0,0,0,0,0,0,0,0,0,0,0,0,0,0,0,0,0,0,0,0,0,0,0,0,0,0,0,0,0,1,1,1,-4,0,1,5
2016,"2016100903",2016-10-09,"CHI","00-0026625","B.Hoyer",43,33,397,2,0,0,0,1,-1,0,-1,0,0,0,0,0,0,0,0,0,0,0,0,0,0,0,0,0,0,0,0,0,0,0,0,0,0,0,0,0,0,0,0,0,0,0,0,0,0,0,1,5
2016,"2016100904",2016-10-09,"MIA","00-0029701","R.Tannehill",18,12,191,0,2,0,0,0,0,0,0,0,0,0,0,0,0,0,0,0,0,0,0,0,0,0,0,0,0,0,0,0,0,0,0,0,0,0,0,0,0,0,0,0,0,0,0,0,0,0,1,5
2016,"2016100904",2016-10-09,"TEN","00-0032268","M.Mariota",29,20,163,3,0,0,0,7,60,1,21,5,0,0,0,0,0,0,0,0,0,0,0,0,0,0,0,0,0,0,0,0,0,0,0,0,0,0,0,0,0,0,0,0,0,0,0,0,0,0,1,5
2016,"2016100900",2016-10-09,"BAL","00-0026158","J.Flacco",46,30,210,1,0,0,0,1,6,0,6,0,0,0,0,0,0,0,0,0,0,0,0,0,0,0,0,0,0,0,0,0,0,0,0,0,0,0,0,0,0,0,0,0,0,0,0,0,0,0,1,5
2016,"2016100900",2016-10-09,"WAS","00-0029604","K.Cousins",41,29,260,1,1,0,0,1,-1,0,-1,0,0,0,0,0,0,0,0,0,0,0,0,0,0,0,0,0,0,0,0,0,0,0,0,0,0,0,0,0,0,0,0,0,0,1,1,1,0,0,1,5
2016,"2016100905",2016-10-09,"MIN","00-0027854","S.Bradford",30,22,271,2,0,0,0,2,-2,0,-1,0,0,0,0,0,0,0,0,0,0,0,0,0,0,0,0,0,0,0,0,0,0,0,0,0,0,0,0,0,0,0,0,0,0,0,0,0,0,0,1,5
2016,"2016100905",2016-10-09,"HOU","00-0029682","B.Osweiler",42,19,184,1,1,0,0,0,0,0,0,0,0,0,0,0,0,0,0,0,0,0,0,0,0,0,0,0,0,0,0,0,0,0,0,0,0,0,0,0,0,0,0,0,0,1,0,0,0,0,1,5
2016,"2016100906",2016-10-09,"PIT","00-0022924","B.Roethlisberger",47,34,380,4,0,0,0,0,0,0,0,0,0,0,0,0,0,0,0,0,0,0,0,0,0,0,0,0,0,0,0,0,0,0,0,0,0,0,0,0,0,0,0,0,0,1,0,0,0,1,1,5
2016,"2016100906",2016-10-09,"NYJ","00-0023682","R.Fitzpatrick",38,25,255,1,0,0,0,1,9,0,9,0,0,0,0,0,0,0,0,0,0,0,0,0,0,0,0,0,0,0,0,0,0,0,0,0,0,0,0,0,0,0,0,0,0,1,1,1,0,0,1,5
2016,"2016100907",2016-10-09,"DEN","00-0033108","P.Lynch",35,23,223,1,1,0,0,6,18,0,6,0,0,0,0,0,0,0,0,0,0,0,0,0,0,0,0,0,0,0,0,0,0,0,0,0,0,0,0,0,0,0,0,0,0,2,1,1,0,0,1,5
2016,"2016100907",2016-10-09,"ATL","00-0026143","M.Ryan",28,15,267,1,0,0,0,3,3,0,2,0,0,0,0,0,0,0,0,0,0,0,0,0,0,0,0,0,0,0,0,0,0,0,0,0,0,0,0,0,0,0,0,0,0,0,0,0,0,0,1,5
2016,"2016100908",2016-10-09,"DAL","00-0033077","D.Prescott",24,18,227,1,0,0,0,7,4,1,5,5,0,0,0,0,0,0,0,0,0,0,0,0,0,0,0,0,0,0,0,0,0,0,0,0,0,0,0,0,0,0,0,0,0,2,1,1,0,1,1,5
2016,"2016100908",2016-10-09,"CIN","00-0027973","A.Dalton",41,29,269,2,0,0,0,6,34,0,13,0,0,0,0,0,0,0,0,0,0,0,0,0,0,0,0,0,0,0,0,0,0,0,0,0,0,0,0,0,0,0,0,0,0,0,0,0,0,0,1,5
2016,"2016100909",2016-10-09,"LA","00-0028986","C.Keenum",31,21,271,0,2,0,0,0,0,0,0,0,0,0,0,0,0,0,0,0,0,0,0,0,0,0,0,0,0,0,0,0,0,0,0,0,0,0,0,0,0,0,0,0,0,0,0,0,0,0,1,5
2016,"2016100909",2016-10-09,"BUF","00-0028118","T.Taylor",23,12,124,2,0,0,0,5,28,0,22,0,0,0,0,0,0,0,0,0,0,0,0,0,0,0,0,0,0,0,0,0,0,0,0,0,0,0,0,0,0,0,0,0,0,0,1,1,-3,0,1,5
2016,"2016100910",2016-10-09,"OAK","00-0031280","D.Carr",40,25,317,2,1,1,1,2,13,0,7,0,0,0,0,0,0,0,0,0,0,0,0,0,0,0,0,0,0,0,0,0,0,0,0,0,0,0,0,0,0,0,0,0,0,0,0,0,0,0,1,5
2016,"2016100910",2016-10-09,"SD","00-0022942","P.Rivers",30,21,359,4,2,0,0,0,0,0,0,0,0,0,0,0,0,0,0,0,0,0,0,0,0,0,0,0,0,0,0,0,0,0,0,0,0,0,0,0,0,0,0,0,0,1,0,0,0,0,1,5
2016,"2016100911",2016-10-09,"GB","00-0023459","A.Rodgers",45,23,259,2,2,0,0,5,15,0,11,0,0,0,0,0,0,0,0,0,0,0,0,0,0,0,0,0,0,0,0,0,0,0,0,0,0,0,0,0,0,0,0,0,0,0,0,0,0,0,1,5
2016,"2016100911",2016-10-09,"NYG","00-0022803","E.Manning",35,18,199,1,0,0,0,1,1,0,1,0,0,0,0,0,0,0,0,0,0,0,0,0,0,0,0,0,0,0,0,0,0,0,0,0,0,0,0,0,0,0,0,0,0,1,0,0,0,1,1,5
2016,"2016101000",2016-10-10,"CAR","00-0023645","D.Anderson",28,18,278,0,2,0,0,1,4,0,4,0,0,0,0,0,0,0,0,0,0,0,0,0,0,0,0,0,0,0,0,0,0,0,0,0,0,0,0,0,0,0,0,0,0,1,0,0,0,1,1,5
2016,"2016101000",2016-10-10,"TB","00-0031503","J.Winston",30,18,219,1,0,1,1,4,6,0,6,0,0,0,0,0,0,0,0,0,0,0,0,0,0,0,0,0,0,0,0,0,0,0,0,0,0,0,0,0,0,0,0,0,0,1,1,1,0,0,1,5
2016,"2016101300",2016-10-13,"SD","00-0022942","P.Rivers",29,18,178,1,0,0,0,0,0,0,0,0,0,0,0,0,0,0,0,0,0,0,0,0,0,0,0,0,0,0,0,0,0,0,0,0,0,0,0,0,0,0,0,0,0,0,0,0,0,0,1,6
2016,"2016101300",2016-10-13,"DEN","00-0032156","T.Siemian",50,30,230,1,0,0,0,1,1,0,1,0,0,0,0,0,0,0,0,0,0,0,0,0,0,0,0,0,0,0,0,0,0,0,0,0,0,0,0,0,0,0,0,0,0,0,0,0,0,0,1,6
2016,"2016101600",2016-10-16,"BUF","00-0028118","T.Taylor",26,17,179,2,0,0,0,8,68,0,21,0,0,0,0,0,0,0,0,0,0,0,0,0,0,0,0,0,0,0,0,0,0,0,0,0,0,0,0,0,0,0,0,0,0,1,0,0,0,1,1,6
2016,"2016101600",2016-10-16,"SF","00-0027974","C.Kaepernick",29,13,187,1,0,0,0,8,66,0,29,0,0,0,0,0,0,0,0,0,0,0,0,0,0,0,0,0,0,0,0,0,0,0,0,0,0,0,0,0,0,0,0,0,0,1,0,0,0,0,1,6
2016,"2016101608",2016-10-16,"WAS","00-0029604","K.Cousins",34,18,263,2,1,0,0,2,8,0,9,0,0,0,0,0,0,0,0,0,0,0,0,0,0,0,0,0,0,0,0,0,0,0,0,0,0,0,0,0,0,0,0,0,0,0,0,0,0,0,1,6
2016,"2016101608",2016-10-16,"PHI","00-0032950","C.Wentz",22,11,179,0,0,0,0,2,2,0,3,0,0,0,0,0,0,0,0,0,0,0,0,0,0,0,0,0,0,0,0,0,0,0,0,0,0,0,0,0,0,0,0,0,0,0,0,0,0,0,1,6
2016,"2016101607",2016-10-16,"TEN","00-0032268","M.Mariota",24,17,284,3,1,0,0,7,64,0,41,0,0,0,0,0,0,0,0,0,0,0,0,0,0,0,0,0,0,0,0,0,0,0,0,0,0,0,0,0,0,0,0,0,0,0,0,0,0,0,1,6
2016,"2016101607",2016-10-16,"CLE","00-0033104","C.Kessler",41,26,336,2,0,1,0,1,3,0,3,0,0,0,0,0,0,0,0,0,0,0,0,0,0,0,0,0,0,0,0,0,0,0,0,0,0,0,0,0,0,0,0,0,0,0,0,0,0,0,1,6
2016,"2016101606",2016-10-16,"NYG","00-0022803","E.Manning",46,32,403,3,2,0,0,0,0,0,0,0,0,0,0,0,0,0,0,0,0,0,0,0,0,0,0,0,0,0,0,0,0,0,0,0,0,0,0,0,0,0,0,0,0,0,0,0,0,0,1,6
2016,"2016101606",2016-10-16,"BAL","00-0026158","J.Flacco",48,26,307,0,0,0,0,1,0,0,0,0,0,0,0,0,0,0,0,0,0,0,0,0,0,0,0,0,0,0,0,0,0,0,0,0,0,0,0,0,0,0,0,0,0,0,0,0,0,0,1,6
2016,"2016101605",2016-10-16,"NO","00-0020531","D.Brees",49,34,465,4,1,0,0,0,0,0,0,0,0,0,0,0,0,0,0,0,0,0,0,0,0,0,0,0,0,0,0,0,0,0,0,0,0,0,0,0,0,0,0,0,0,0,0,0,0,0,1,6
2016,"2016101605",2016-10-16,"CAR","00-0027939","C.Newton",47,27,322,2,1,1,1,2,1,1,2,2,0,0,0,0,0,0,0,0,0,0,0,0,0,0,0,0,0,0,0,0,0,0,0,0,0,0,0,0,0,0,0,0,0,0,0,0,0,0,1,6
2016,"2016101601",2016-10-16,"CHI","00-0026625","B.Hoyer",49,30,302,0,0,0,0,1,0,0,0,0,0,0,0,0,0,0,0,0,0,0,0,0,0,0,0,0,0,0,0,0,0,0,0,0,0,0,0,0,0,0,0,0,0,1,1,1,-5,0,1,6
2016,"2016101601",2016-10-16,"JAX","00-0031407","B.Bortles",33,20,271,1,1,0,0,3,1,0,3,0,0,0,0,0,0,0,0,0,0,0,0,0,0,0,0,0,0,0,0,0,0,0,0,0,0,0,0,0,0,0,0,0,0,1,0,0,0,1,1,6
2016,"2016101602",2016-10-16,"DET","00-0026498","M.Stafford",31,23,270,4,0,0,0,5,14,0,7,0,0,0,0,0,0,0,0,0,0,0,0,0,0,0,0,0,0,0,0,0,0,0,0,0,0,0,0,0,0,0,0,0,0,0,0,0,0,0,1,6
2016,"2016101602",2016-10-16,"LA","00-0028986","C.Keenum",32,27,321,3,1,0,0,3,7,1,4,1,0,0,0,0,0,0,0,0,0,0,0,0,0,0,0,0,0,0,0,0,0,0,0,0,0,0,0,0,0,0,0,0,0,1,1,1,0,0,1,6
2016,"2016101603",2016-10-16,"MIA","00-0029701","R.Tannehill",32,24,252,0,0,0,0,2,3,0,4,0,0,0,0,0,0,0,0,0,0,0,0,0,0,0,0,0,0,0,0,0,0,0,0,0,0,0,0,0,0,0,0,0,0,0,0,0,0,0,1,6
2016,"2016101603",2016-10-16,"PIT","00-0022924","B.Roethlisberger",34,19,189,1,2,1,1,0,0,0,0,0,0,0,0,0,0,0,0,0,0,0,0,0,0,0,0,0,0,0,0,0,0,0,0,0,0,0,0,0,0,0,0,0,0,0,0,0,0,0,1,6
2016,"2016101604",2016-10-16,"NE","00-0019596","T.Brady",35,29,376,3,0,0,0,2,2,0,2,0,0,0,0,0,0,0,0,0,0,0,0,0,0,0,0,0,0,0,0,0,0,0,0,0,0,0,0,0,0,0,0,0,0,0,0,0,0,0,1,6
2016,"2016101604",2016-10-16,"CIN","00-0027973","A.Dalton",31,21,254,1,0,0,0,2,17,1,15,2,0,0,0,0,0,0,0,0,0,0,0,0,0,0,0,0,0,0,0,0,0,0,0,0,0,0,0,0,0,0,0,0,0,0,0,0,0,0,1,6
2016,"2016101609",2016-10-16,"OAK","00-0031280","D.Carr",34,22,225,1,1,0,0,3,8,0,6,0,0,0,0,0,0,0,0,0,0,0,0,0,0,0,0,0,0,0,0,0,0,0,0,0,0,0,0,0,0,0,0,0,0,2,0,0,-4,1,1,6
2016,"2016101609",2016-10-16,"KC","00-0023436","A.Smith",22,19,224,0,0,0,0,3,-1,0,1,0,0,0,0,0,0,0,0,0,0,0,0,0,0,0,0,0,0,0,0,0,0,0,0,0,0,0,0,0,0,0,0,0,0,0,0,0,0,0,1,6
2016,"2016101611",2016-10-16,"SEA","00-0029263","R.Wilson",37,25,270,0,0,0,0,6,7,0,6,0,0,0,0,0,0,0,0,0,0,0,0,0,0,0,0,0,0,0,0,0,0,0,0,0,0,0,0,0,0,0,0,0,0,1,0,0,0,0,1,6
2016,"2016101611",2016-10-16,"ATL","00-0026143","M.Ryan",42,27,335,3,1,0,0,1,2,0,2,0,0,0,0,0,0,0,0,0,0,0,0,0,0,0,0,0,0,0,0,0,0,0,0,0,0,0,0,0,0,0,0,0,0,1,0,0,0,1,1,6
2016,"2016101610",2016-10-16,"GB","00-0023459","A.Rodgers",42,31,294,1,1,0,0,3,7,0,9,0,0,0,0,0,0,0,0,0,0,0,0,0,0,0,0,0,0,0,0,0,0,0,0,0,0,0,0,0,0,0,0,0,0,2,0,0,0,1,1,6
2016,"2016101610",2016-10-16,"DAL","00-0033077","D.Prescott",27,18,247,3,1,0,0,1,6,0,6,0,0,0,0,0,0,0,0,0,0,0,0,0,0,0,0,0,0,0,0,0,0,0,0,0,0,0,0,0,0,0,0,0,0,2,0,0,0,1,1,6
2016,"2016101612",2016-10-16,"HOU","00-0029682","B.Osweiler",39,25,269,2,1,0,0,2,-4,0,-1,0,0,0,0,0,0,0,0,0,0,0,0,0,0,0,0,0,0,0,0,0,0,0,0,0,0,0,0,0,0,0,0,0,0,1,0,0,0,0,1,6
2016,"2016101612",2016-10-16,"IND","00-0029668","A.Luck",32,21,252,1,1,0,0,7,53,1,24,14,0,0,0,0,0,0,0,0,0,0,0,0,0,0,0,0,0,0,0,0,0,0,0,0,0,0,0,0,0,0,0,0,0,0,0,0,0,0,1,6
2016,"2016101700",2016-10-17,"ARI","00-0021429","C.Palmer",34,23,213,1,0,0,0,3,-1,0,0,0,0,0,0,0,0,0,0,0,0,0,0,0,0,0,0,0,0,0,0,0,0,0,0,0,0,0,0,0,0,0,0,0,0,2,2,2,-4,0,1,6
2016,"2016101700",2016-10-17,"NYJ","00-0030565","G.Smith",6,4,31,0,1,0,0,1,2,0,2,0,0,0,0,0,0,0,0,0,0,0,0,0,0,0,0,0,0,0,0,0,0,0,0,0,0,0,0,0,0,0,0,0,0,1,0,0,0,0,1,6
2016,"2016101700",2016-10-17,"NYJ","00-0023682","R.Fitzpatrick",31,16,174,0,1,0,0,1,2,0,2,0,0,0,0,0,0,0,0,0,0,0,0,0,0,0,0,0,0,0,0,0,0,0,0,0,0,0,0,0,0,0,0,0,0,0,0,0,0,0,1,6
2016,"2016102000",2016-10-20,"GB","00-0023459","A.Rodgers",56,39,326,3,0,0,0,2,7,0,8,0,0,0,0,0,0,0,0,0,0,0,0,0,0,0,0,0,0,0,0,0,0,0,0,0,0,0,0,0,0,0,0,0,0,1,0,0,0,1,1,7
2016,"2016102000",2016-10-20,"CHI","00-0030533","M.Barkley",15,6,81,0,2,0,0,1,-1,0,-1,0,0,0,0,0,0,0,0,0,0,0,0,0,0,0,0,0,0,0,0,0,0,0,0,0,0,0,0,0,0,0,0,0,0,0,0,0,0,0,1,7
2016,"2016102000",2016-10-20,"CHI","00-0026625","B.Hoyer",11,4,49,0,0,0,0,0,0,0,0,0,0,0,0,0,0,0,0,0,0,0,0,0,0,0,0,0,0,0,0,0,0,0,0,0,0,0,0,0,0,0,0,0,0,0,0,0,0,0,1,7
2016,"2016102300",2016-10-23,"LA","00-0028986","C.Keenum",53,32,291,1,4,0,0,1,3,0,3,0,0,0,0,0,0,0,0,0,0,0,0,0,0,0,0,0,0,0,0,0,0,0,0,0,0,0,0,0,0,0,0,0,0,2,2,2,0,0,1,7
2016,"2016102300",2016-10-23,"NYG","00-0022803","E.Manning",37,24,196,0,0,0,0,2,-2,0,-1,0,0,0,0,0,0,0,0,0,0,0,0,0,0,0,0,0,0,0,0,0,0,0,0,0,0,0,0,0,0,0,0,0,0,0,0,0,0,0,1,7
2016,"2016102304",2016-10-23,"KC","00-0023436","A.Smith",24,17,214,2,0,0,0,4,7,0,6,0,0,0,0,0,0,0,0,0,0,0,0,0,0,0,0,0,0,0,0,0,0,0,0,0,0,0,0,0,0,0,0,0,0,0,0,0,0,0,1,7
2016,"2016102304",2016-10-23,"NO","00-0020531","D.Brees",48,37,367,3,1,0,0,0,0,0,0,0,0,0,0,0,0,0,0,0,0,0,0,0,0,0,0,0,0,0,0,0,0,0,0,0,0,0,0,0,0,0,0,0,0,0,0,0,0,0,1,7
2016,"2016102308",2016-10-23,"TEN","00-0032268","M.Mariota",37,22,232,2,0,0,0,2,14,0,14,0,0,0,0,0,0,0,0,0,0,0,0,0,0,0,0,0,0,0,0,0,0,0,0,0,0,0,0,0,0,0,0,0,0,2,1,1,-9,1,1,7
2016,"2016102308",2016-10-23,"IND","00-0029668","A.Luck",39,27,353,3,0,0,0,5,17,0,9,0,0,0,0,0,0,0,0,0,0,0,0,0,0,0,0,0,0,0,0,0,0,0,0,0,0,0,0,0,0,0,0,0,0,0,0,0,0,0,1,7
2016,"2016102307",2016-10-23,"PHI","00-0032950","C.Wentz",28,16,138,1,2,0,0,5,6,0,6,0,1,1,0,0,0,0,0,0,0,0,0,0,0,0,0,0,0,0,0,0,0,0,0,0,0,0,0,0,0,0,0,0,0,3,1,1,-22,1,1,7
2016,"2016102307",2016-10-23,"MIN","00-0027854","S.Bradford",41,24,224,1,1,0,0,1,-1,0,-1,0,0,0,0,0,0,0,0,0,0,0,0,0,0,0,0,0,0,0,0,0,0,0,0,0,0,0,0,0,0,0,0,0,0,4,1,1,0,2,1,7
2016,"2016102301",2016-10-23,"CIN","00-0027973","A.Dalton",28,19,308,2,0,0,0,0,0,0,0,0,0,0,0,0,0,0,0,0,0,0,0,0,0,0,0,0,0,0,0,0,0,0,0,0,0,0,0,0,0,0,0,0,0,0,0,0,0,0,1,7
2016,"2016102301",2016-10-23,"CLE","00-0032784","K.Hogan",24,12,100,0,2,0,0,7,104,1,28,28,0,0,0,0,0,0,0,0,0,0,0,0,0,0,0,0,0,0,0,0,0,0,0,0,0,0,0,0,0,0,0,0,0,0,0,0,0,0,1,7
2016,"2016102301",2016-10-23,"CLE","00-0033104","C.Kessler",11,9,82,0,0,0,0,1,-2,0,-2,0,0,0,0,0,0,0,0,0,0,0,0,0,0,0,0,0,0,0,0,0,0,0,0,0,0,0,0,0,0,0,0,0,0,0,0,0,0,0,1,7
2016,"2016102302",2016-10-23,"DET","00-0026498","M.Stafford",29,18,266,1,0,0,0,2,32,0,18,0,0,0,0,0,0,0,0,0,0,0,0,0,0,0,0,0,0,0,0,0,0,0,0,0,0,0,0,0,0,0,0,0,0,1,1,1,0,0,1,7
2016,"2016102302",2016-10-23,"WAS","00-0029604","K.Cousins",39,30,301,1,0,0,0,3,19,1,19,19,0,0,0,0,0,0,0,0,0,0,0,0,0,0,0,0,0,0,0,0,0,0,0,0,0,0,0,0,0,0,0,0,0,2,0,0,-4,1,1,7
2016,"2016102303",2016-10-23,"JAX","00-0031407","B.Bortles",43,23,246,1,2,0,0,5,33,0,17,0,0,0,0,0,0,0,0,0,0,0,0,0,0,0,0,0,0,0,0,0,0,0,0,0,0,0,0,0,0,0,0,0,0,0,0,0,0,0,1,7
2016,"2016102303",2016-10-23,"OAK","00-0031280","D.Carr",37,23,200,1,0,0,0,4,4,0,5,0,0,0,0,0,0,0,0,0,0,0,0,0,0,0,0,0,0,0,0,0,0,0,0,0,0,0,0,0,0,0,0,0,0,0,0,0,0,0,1,7
2016,"2016102305",2016-10-23,"MIA","00-0029701","R.Tannehill",25,15,204,1,0,1,1,6,21,0,13,0,0,0,0,0,0,0,0,0,0,0,0,0,0,0,0,0,0,0,0,0,0,0,0,0,0,0,0,0,0,0,0,0,0,0,0,0,0,0,1,7
2016,"2016102305",2016-10-23,"BUF","00-0028118","T.Taylor",28,14,221,1,0,1,1,7,35,1,10,10,0,0,0,0,0,0,0,0,0,0,0,0,0,0,0,0,0,0,0,0,0,0,0,0,0,0,0,0,0,0,0,0,0,0,0,0,0,0,1,7
2016,"2016102306",2016-10-23,"NYJ","00-0023682","R.Fitzpatrick",14,9,120,1,0,0,0,1,-1,0,-1,0,0,0,0,0,0,0,0,0,0,0,0,0,0,0,0,0,0,0,0,0,0,0,0,0,0,0,0,0,0,0,0,0,0,0,0,0,0,0,1,7
2016,"2016102306",2016-10-23,"NYJ","00-0030565","G.Smith",8,4,95,1,0,0,0,1,7,0,7,0,0,0,0,0,0,0,0,0,0,0,0,0,0,0,0,0,0,0,0,0,0,0,0,0,0,0,0,0,0,0,0,0,0,0,0,0,0,0,1,7
2016,"2016102306",2016-10-23,"BAL","00-0026158","J.Flacco",44,25,248,0,2,0,0,2,-4,0,1,0,0,0,0,0,0,0,0,0,0,0,0,0,0,0,0,0,0,0,0,0,0,0,0,0,0,0,0,0,0,0,0,0,0,0,0,0,0,0,1,7
2016,"2016102310",2016-10-23,"SF","00-0027974","C.Kaepernick",34,16,143,1,1,0,0,9,84,0,17,0,0,0,0,0,0,0,0,0,0,0,0,0,0,0,0,0,0,0,0,0,0,0,0,0,0,0,0,0,0,0,0,0,0,2,0,0,0,1,1,7
2016,"2016102310",2016-10-23,"TB","00-0031503","J.Winston",30,21,269,3,1,0,0,1,-1,0,-1,0,0,0,0,0,0,0,0,0,0,0,0,0,0,0,0,0,0,0,0,0,0,0,0,0,0,0,0,0,0,0,0,0,0,0,0,0,0,0,1,7
2016,"2016102309",2016-10-23,"ATL","00-0026143","M.Ryan",34,22,273,1,1,0,0,3,8,0,7,0,0,0,0,0,0,0,0,0,0,0,0,0,0,0,0,0,0,0,0,0,0,0,0,0,0,0,0,0,0,0,0,0,0,0,0,0,0,0,1,7
2016,"2016102309",2016-10-23,"SD","00-0022942","P.Rivers",44,27,371,1,1,0,0,1,-2,0,-2,0,0,0,0,0,0,0,0,0,0,0,0,0,0,0,0,0,0,0,0,0,0,0,0,0,0,0,0,0,0,0,0,0,0,1,0,0,0,1,1,7
2016,"2016102311",2016-10-23,"PIT","00-0030524","L.Jones",47,29,281,1,1,0,0,0,0,0,0,0,0,0,0,0,0,0,0,0,0,0,0,0,0,0,0,0,0,0,0,0,0,0,0,0,0,0,0,0,0,0,0,0,0,0,0,0,0,0,1,7
2016,"2016102311",2016-10-23,"NE","00-0019596","T.Brady",26,19,222,2,0,0,0,5,13,0,5,0,0,0,0,0,0,0,0,0,0,0,0,0,0,0,0,0,0,0,0,0,0,0,0,0,0,0,0,0,0,0,0,0,0,0,0,0,0,0,1,7
2016,"2016102312",2016-10-23,"ARI","00-0021429","C.Palmer",49,29,342,0,0,0,0,1,8,0,8,0,0,0,0,0,0,0,0,0,0,0,0,0,0,0,0,0,0,0,0,0,0,0,0,0,0,0,0,0,0,0,0,0,0,1,0,0,0,0,1,7
2016,"2016102312",2016-10-23,"SEA","00-0029263","R.Wilson",37,24,225,0,0,0,0,1,-2,0,-2,0,0,0,1,-1,0,-1,0,0,0,0,0,0,0,0,0,0,0,0,0,0,0,0,0,0,0,0,0,0,0,0,0,0,0,2,1,1,0,0,1,7
2016,"2016102400",2016-10-24,"DEN","00-0032156","T.Siemian",25,14,157,1,0,0,0,1,-1,0,-1,0,0,0,0,0,0,0,0,0,0,0,0,0,0,0,0,0,0,0,0,0,0,0,0,0,0,0,0,0,0,0,0,0,0,0,0,0,0,0,1,7
2016,"2016102400",2016-10-24,"HOU","00-0029682","B.Osweiler",41,22,131,0,0,0,0,3,16,0,10,0,0,0,0,0,0,0,0,0,0,0,0,0,0,0,0,0,0,0,0,0,0,0,0,0,0,0,0,0,0,0,0,0,0,3,2,2,-5,1,1,7
2016,"2016102700",2016-10-27,"TEN","00-0032268","M.Mariota",22,18,270,2,0,0,0,3,11,0,7,0,0,0,0,0,0,0,0,0,0,0,0,0,0,0,0,0,0,0,0,0,0,0,0,0,0,0,0,0,0,0,0,0,0,1,0,0,-12,0,1,8
2016,"2016102700",2016-10-27,"JAX","00-0031407","B.Bortles",54,33,337,3,0,0,0,4,22,0,12,0,1,1,0,0,0,0,0,0,0,0,0,0,0,0,0,0,0,0,0,0,0,0,0,0,0,0,0,0,0,0,0,0,0,0,0,0,0,0,1,8
2016,"2016103000",2016-10-30,"CIN","00-0027973","A.Dalton",42,27,284,1,1,0,0,4,21,1,14,1,0,0,0,0,0,0,0,0,0,0,0,0,0,0,0,0,0,0,0,0,0,0,0,0,0,0,0,0,0,0,0,0,0,1,0,0,0,1,1,8
2016,"2016103000",2016-10-30,"WAS","00-0029604","K.Cousins",56,38,458,2,1,0,0,3,-1,0,3,0,0,0,0,0,0,0,0,0,0,0,0,0,0,0,0,0,0,0,0,0,0,0,0,0,0,0,0,0,0,0,0,0,0,0,0,0,0,0,1,8
2016,"2016103005",2016-10-30,"IND","00-0029668","A.Luck",35,19,210,2,1,0,0,9,60,0,17,0,0,0,0,0,0,0,0,0,0,0,0,0,0,0,0,0,0,0,0,0,0,0,0,0,0,0,0,0,0,0,0,0,0,1,0,0,-3,1,1,8
2016,"2016103005",2016-10-30,"KC","00-0029567","N.Foles",22,16,223,2,0,0,0,1,-1,0,-1,0,0,0,0,0,0,0,0,0,0,0,0,0,0,0,0,0,0,0,0,0,0,0,0,0,0,0,0,0,0,0,0,0,0,0,0,0,0,0,1,8
2016,"2016103005",2016-10-30,"KC","00-0023436","A.Smith",19,9,127,1,0,0,0,2,9,0,8,0,0,0,0,0,0,0,0,0,0,0,0,0,0,0,0,0,0,0,0,0,0,0,0,0,0,0,0,0,0,0,0,0,0,0,0,0,0,0,1,8
2016,"2016103009",2016-10-30,"CAR","00-0027939","C.Newton",27,14,212,0,0,0,0,7,43,0,19,0,0,0,0,0,0,0,0,0,0,0,0,0,0,0,0,0,0,0,0,0,0,0,0,0,0,0,0,0,0,0,0,0,0,0,0,0,0,0,1,8
2016,"2016103009",2016-10-30,"ARI","00-0021429","C.Palmer",46,35,363,3,1,1,0,0,0,0,0,0,0,0,0,0,0,0,0,0,0,0,0,0,0,0,0,0,0,0,0,0,0,0,0,0,0,0,0,0,0,0,0,0,0,2,0,0,0,1,1,8
2016,"2016103007",2016-10-30,"TB","00-0031503","J.Winston",32,16,180,2,0,1,1,3,16,0,9,0,0,0,0,0,0,0,0,0,0,0,0,0,0,0,0,0,0,0,0,0,0,0,0,0,0,0,0,0,0,0,0,0,0,0,0,0,0,0,1,8
2016,"2016103007",2016-10-30,"OAK","00-0031280","D.Carr",59,40,513,4,0,0,0,1,13,0,13,0,0,0,0,0,0,0,0,0,0,0,0,0,0,0,0,0,0,0,0,0,0,0,0,0,0,0,0,0,0,0,0,0,0,1,0,0,0,1,1,8
2016,"2016103006",2016-10-30,"NO","00-0020531","D.Brees",35,27,265,1,0,1,0,1,1,1,1,1,0,0,0,0,0,0,0,0,0,0,0,0,0,0,0,0,0,0,0,0,0,0,0,0,0,0,0,0,0,0,0,0,0,0,0,0,0,0,1,8
2016,"2016103006",2016-10-30,"SEA","00-0029263","R.Wilson",34,22,253,0,1,0,0,3,11,0,5,0,0,0,0,0,0,0,0,0,0,0,0,0,0,0,0,0,0,0,0,0,0,0,0,0,0,0,0,0,0,0,0,0,0,0,0,0,0,0,1,8
2016,"2016103004",2016-10-30,"HOU","00-0029682","B.Osweiler",29,20,186,1,1,0,0,3,-3,0,-1,0,0,0,0,0,0,0,0,0,0,0,0,0,0,0,0,0,0,0,0,0,0,0,0,0,0,0,0,0,0,0,0,0,0,0,0,0,0,0,1,8
2016,"2016103004",2016-10-30,"DET","00-0026498","M.Stafford",41,27,240,1,0,0,0,0,0,0,0,0,0,0,0,0,0,0,0,0,0,0,0,0,0,0,0,0,0,0,0,0,0,0,0,0,0,0,0,0,0,0,0,0,0,0,0,0,0,0,1,8
2016,"2016103002",2016-10-30,"BUF","00-0028118","T.Taylor",38,19,183,0,0,0,0,5,48,1,26,26,0,0,0,0,0,0,0,0,0,0,0,0,0,0,0,0,0,0,0,0,0,0,0,0,0,0,0,0,0,0,0,0,0,0,1,1,0,0,1,8
2016,"2016103002",2016-10-30,"NE","00-0019596","T.Brady",33,22,315,4,0,0,0,1,15,0,15,0,0,0,0,0,0,0,0,0,0,0,0,0,0,0,0,0,0,0,0,0,0,0,0,0,0,0,0,0,0,0,0,0,0,0,0,0,0,0,1,8
2016,"2016103003",2016-10-30,"CLE","00-0021206","J.McCown",49,25,341,2,2,1,1,3,10,0,7,0,0,0,0,0,0,0,0,0,0,0,0,0,0,0,0,0,0,0,0,0,0,0,0,0,0,0,0,0,0,0,0,0,0,1,0,0,-3,0,1,8
2016,"2016103003",2016-10-30,"NYJ","00-0023682","R.Fitzpatrick",34,16,228,1,0,0,0,4,13,0,8,0,0,0,0,0,0,0,0,0,0,0,0,0,0,0,0,0,0,0,0,0,0,0,0,0,0,0,0,0,0,0,0,0,0,0,0,0,0,0,1,8
2016,"2016103008",2016-10-30,"DEN","00-0032156","T.Siemian",38,20,276,0,1,0,0,3,-2,0,0,0,0,0,0,0,0,0,0,0,0,0,0,0,0,0,0,0,0,0,0,0,0,0,0,0,0,0,0,0,0,0,0,0,0,2,0,0,-1,1,1,8
2016,"2016103008",2016-10-30,"SD","00-0022942","P.Rivers",47,20,267,2,3,1,0,0,0,0,0,0,0,0,0,0,0,0,0,0,0,0,0,0,0,0,0,0,0,0,0,0,0,0,0,0,0,0,0,0,0,0,0,0,0,0,0,0,0,0,1,8
2016,"2016103001",2016-10-30,"ATL","00-0026143","M.Ryan",35,28,288,3,0,0,0,2,9,0,10,0,1,0,0,0,0,0,0,0,0,0,0,0,0,0,0,0,0,0,0,0,0,0,0,0,0,0,0,0,0,0,0,0,0,0,0,0,0,0,1,8
2016,"2016103001",2016-10-30,"GB","00-0023459","A.Rodgers",38,28,246,4,0,0,0,6,60,0,23,0,1,1,0,0,0,0,0,0,0,0,0,0,0,0,0,0,0,0,0,0,0,0,0,0,0,0,0,0,0,0,0,0,0,0,0,0,0,0,1,8
2016,"2016103010",2016-10-30,"DAL","00-0033077","D.Prescott",39,19,287,2,1,0,0,7,38,1,16,7,0,0,0,0,0,0,0,0,0,0,0,0,0,0,0,0,0,0,0,0,0,0,0,0,0,0,0,0,0,0,0,0,0,1,1,1,0,0,1,8
2016,"2016103010",2016-10-30,"PHI","00-0032950","C.Wentz",43,32,202,1,0,0,0,1,-3,0,-3,0,0,0,0,0,0,0,0,0,0,0,0,0,0,0,0,0,0,0,0,0,0,0,0,0,0,0,0,0,0,0,0,0,0,2,2,2,0,0,1,8
2016,"2016103100",2016-10-31,"CHI","00-0024226","J.Cutler",31,20,252,1,0,0,0,1,2,0,2,0,0,0,0,0,0,0,0,0,0,0,0,0,0,0,0,0,0,0,0,0,0,0,0,0,0,0,0,0,0,0,0,0,0,0,0,0,0,0,1,8
2016,"2016103100",2016-10-31,"MIN","00-0027854","S.Bradford",37,23,228,1,0,0,0,0,0,0,0,0,0,0,0,0,0,0,0,0,0,0,0,0,0,0,0,0,0,0,0,0,0,0,0,0,0,0,0,0,0,0,0,0,0,1,0,0,0,0,1,8
2016,"2016110300",2016-11-03,"TB","00-0031503","J.Winston",37,23,261,3,0,0,0,2,14,0,14,0,1,0,0,0,0,0,0,0,0,0,0,0,0,0,0,0,0,0,0,0,0,0,0,0,0,0,0,0,0,0,0,0,0,1,0,0,0,1,1,9
2016,"2016110300",2016-11-03,"TB","00-0030520","M.Glennon",11,10,75,1,0,1,1,0,0,0,0,0,0,0,0,0,0,0,0,0,0,0,0,0,0,0,0,0,0,0,0,0,0,0,0,0,0,0,0,0,0,0,0,0,0,0,0,0,0,0,1,9
2016,"2016110300",2016-11-03,"ATL","00-0026143","M.Ryan",34,25,344,4,0,1,0,2,0,0,0,0,0,0,0,0,0,0,0,0,0,0,0,0,0,0,0,0,0,0,0,0,0,0,0,0,0,0,0,0,0,0,0,0,0,2,2,2,-3,1,1,9
2016,"2016110605",2016-11-06,"MIN","00-0027854","S.Bradford",40,31,273,1,0,0,0,0,0,0,0,0,0,0,1,5,0,5,0,0,0,0,0,0,0,0,0,0,0,0,0,0,0,0,0,0,0,0,0,0,0,0,0,0,0,0,0,0,0,0,1,9
2016,"2016110605",2016-11-06,"DET","00-0026498","M.Stafford",36,23,219,2,1,0,0,0,0,0,0,0,0,0,0,0,0,0,0,0,0,0,0,0,0,0,0,0,0,0,0,0,0,0,0,0,0,0,0,0,0,0,0,0,0,0,0,0,0,0,1,9
2016,"2016110606",2016-11-06,"NYG","00-0022803","E.Manning",36,22,257,4,2,0,0,2,-4,0,-1,0,0,0,0,0,0,0,0,0,0,0,0,0,0,0,0,0,0,0,0,0,0,0,0,0,0,0,0,0,0,0,0,0,0,0,0,0,0,0,1,9
2016,"2016110606",2016-11-06,"PHI","00-0032950","C.Wentz",47,27,364,0,2,0,0,4,-4,0,3,0,0,0,0,0,0,0,0,0,0,0,0,0,0,0,0,0,0,0,0,0,0,0,0,0,0,0,0,0,0,0,0,0,0,0,0,0,0,0,1,9
2016,"2016110604",2016-11-06,"MIA","00-0029701","R.Tannehill",28,17,149,1,0,0,0,2,-3,0,-1,0,0,0,0,0,0,0,0,0,0,0,0,0,0,0,0,0,0,0,0,0,0,0,0,0,0,0,0,0,0,0,0,0,0,0,0,0,0,0,1,9
2016,"2016110604",2016-11-06,"NYJ","00-0023682","R.Fitzpatrick",28,17,193,1,2,0,0,3,26,0,14,0,0,0,0,0,0,0,0,0,0,0,0,0,0,0,0,0,0,0,0,0,0,0,0,0,0,0,0,0,0,0,0,0,0,2,0,0,0,0,1,9
2016,"2016110603",2016-11-06,"KC","00-0029567","N.Foles",33,20,187,1,0,0,0,3,-3,0,-1,0,0,0,0,0,0,0,0,0,0,0,0,0,0,0,0,0,0,0,0,0,0,0,0,0,0,0,0,0,0,0,0,0,0,0,0,0,0,0,1,9
2016,"2016110603",2016-11-06,"JAX","00-0031407","B.Bortles",41,22,252,2,1,0,0,6,54,0,26,0,0,0,0,0,0,0,0,0,0,0,0,0,0,0,0,0,0,0,0,0,0,0,0,0,0,0,0,0,0,0,0,0,0,0,0,0,0,0,1,9
2016,"2016110602",2016-11-06,"CLE","00-0033104","C.Kessler",27,19,203,1,0,0,0,2,11,0,8,0,0,0,0,0,0,0,0,0,0,0,0,0,0,0,0,0,0,0,0,0,0,0,0,0,0,0,0,0,0,0,0,0,0,0,0,0,0,0,1,9
2016,"2016110602",2016-11-06,"DAL","00-0033077","D.Prescott",27,21,247,3,0,0,0,4,20,0,13,0,0,0,0,0,0,0,0,0,0,0,0,0,0,0,0,0,0,0,0,0,0,0,0,0,0,0,0,0,0,0,0,0,0,0,0,0,0,0,1,9
2016,"2016110601",2016-11-06,"BAL","00-0026158","J.Flacco",30,18,241,1,1,1,1,3,12,0,14,0,0,0,0,0,0,0,0,0,0,0,0,0,0,0,0,0,0,0,0,0,0,0,0,0,0,0,0,0,0,0,0,0,0,1,0,0,0,0,1,9
2016,"2016110601",2016-11-06,"PIT","00-0022924","B.Roethlisberger",45,23,264,1,1,0,0,3,3,1,4,4,0,0,0,0,0,0,0,0,0,0,0,0,0,0,0,0,0,0,0,0,0,0,0,0,0,0,0,0,0,0,0,0,0,2,1,1,0,0,1,9
2016,"2016110608",2016-11-06,"SF","00-0027974","C.Kaepernick",39,24,398,2,1,0,0,5,23,0,11,0,0,0,0,0,0,0,0,0,0,0,0,0,0,0,0,0,0,0,0,0,0,0,0,0,0,0,0,0,0,0,0,0,0,1,0,0,0,1,1,9
2016,"2016110608",2016-11-06,"NO","00-0020531","D.Brees",39,28,323,3,0,0,0,2,-2,0,-1,0,0,0,0,0,0,0,0,0,0,0,0,0,0,0,0,0,0,0,0,0,0,0,0,0,0,0,0,0,0,0,0,0,0,0,0,0,0,0,1,9
2016,"2016110607",2016-11-06,"LA","00-0028986","C.Keenum",46,27,296,1,1,0,0,0,0,0,0,0,0,0,0,0,0,0,0,0,0,0,0,0,0,0,0,0,0,0,0,0,0,0,0,0,0,0,0,0,0,0,0,0,0,1,0,0,0,0,1,9
2016,"2016110607",2016-11-06,"CAR","00-0027939","C.Newton",32,20,225,1,0,0,0,7,16,0,6,0,0,0,0,0,0,0,0,0,0,0,0,0,0,0,0,0,0,0,0,0,0,0,0,0,0,0,0,0,0,0,0,0,0,0,0,0,0,0,1,9
2016,"2016110609",2016-11-06,"GB","00-0023459","A.Rodgers",43,26,297,3,1,1,0,6,43,0,21,0,0,0,0,0,0,0,0,0,0,0,0,0,0,0,0,0,0,0,0,0,0,0,0,0,0,0,0,0,0,0,0,0,0,0,0,0,0,0,1,9
2016,"2016110609",2016-11-06,"IND","00-0029668","A.Luck",36,23,281,1,2,0,0,7,15,0,7,0,0,0,0,0,0,0,0,0,0,0,0,0,0,0,0,0,0,0,0,0,0,0,0,0,0,0,0,0,0,0,0,0,0,0,0,0,0,0,1,9
2016,"2016110610",2016-11-06,"SD","00-0022942","P.Rivers",33,24,275,2,0,0,0,3,-3,0,0,0,0,0,0,0,0,0,0,0,0,0,0,0,0,0,0,0,0,0,0,0,0,0,0,0,0,0,0,0,0,0,0,0,0,0,0,0,0,0,1,9
2016,"2016110610",2016-11-06,"TEN","00-0032268","M.Mariota",43,27,313,3,2,0,0,3,14,1,14,14,0,0,0,0,0,0,0,0,0,0,0,0,0,0,0,0,0,0,0,0,0,0,0,0,0,0,0,0,0,0,0,0,0,1,0,0,0,1,1,9
2016,"2016110600",2016-11-06,"OAK","00-0031280","D.Carr",31,20,184,0,0,0,0,4,3,0,6,0,0,0,0,0,0,0,0,0,0,0,0,0,0,0,0,0,0,0,0,0,0,0,0,0,0,0,0,0,0,0,0,0,0,0,0,0,0,0,1,9
2016,"2016110600",2016-11-06,"DEN","00-0032156","T.Siemian",37,18,283,2,1,0,0,0,0,0,0,0,0,0,0,0,0,0,0,0,0,0,0,0,0,0,0,0,0,0,0,0,0,0,0,0,0,0,0,0,0,0,0,0,0,1,0,0,0,1,1,9
2016,"2016110700",2016-11-07,"SEA","00-0029263","R.Wilson",26,20,282,2,0,0,0,3,10,1,8,3,0,0,0,0,0,0,0,0,0,0,0,0,0,0,0,0,0,0,0,0,0,0,0,0,0,0,0,0,0,0,0,0,0,0,0,0,0,0,1,9
2016,"2016110700",2016-11-07,"BUF","00-0028118","T.Taylor",38,27,289,1,1,0,0,8,43,1,16,3,1,1,0,0,0,0,0,0,0,0,0,0,0,0,0,0,0,0,0,0,0,0,0,0,0,0,0,0,0,0,0,0,0,0,0,0,0,0,1,9
2016,"2016111000",2016-11-10,"BAL","00-0026158","J.Flacco",41,30,296,3,2,1,1,1,3,0,3,0,0,0,0,0,0,0,0,0,0,0,0,0,0,0,0,0,0,0,0,0,0,0,0,0,0,0,0,0,0,0,0,0,0,0,0,0,0,0,1,10
2016,"2016111000",2016-11-10,"CLE","00-0021206","J.McCown",13,6,59,0,2,0,0,0,0,0,0,0,0,0,0,0,0,0,0,0,0,0,0,0,0,0,0,0,0,0,0,0,0,0,0,0,0,0,0,0,0,0,0,0,0,2,1,1,0,1,1,10
2016,"2016111000",2016-11-10,"CLE","00-0033104","C.Kessler",18,11,91,1,0,0,0,1,3,0,3,0,0,0,0,0,0,0,0,0,0,0,0,0,0,0,0,0,0,0,0,0,0,0,0,0,0,0,0,0,0,0,0,0,0,0,0,0,0,0,1,10
2016,"2016111302",2016-11-13,"JAX","00-0031407","B.Bortles",49,32,265,2,1,1,1,3,11,0,11,0,0,0,0,0,0,0,0,0,0,0,0,0,0,0,0,0,0,0,0,0,0,0,0,0,0,0,0,0,0,0,0,0,0,2,0,0,-9,1,1,10
2016,"2016111302",2016-11-13,"HOU","00-0029682","B.Osweiler",27,14,99,2,0,0,0,3,23,0,11,0,0,0,0,0,0,0,0,0,0,0,0,0,0,0,0,0,0,0,0,0,0,0,0,0,0,0,0,0,0,0,0,0,0,0,0,0,0,0,1,10
2016,"2016111303",2016-11-13,"NO","00-0020531","D.Brees",29,21,303,3,2,0,0,2,9,0,5,0,0,0,0,0,0,0,0,0,0,0,0,0,0,0,0,0,0,0,0,0,0,0,0,0,0,0,0,0,0,0,0,0,0,0,0,0,0,0,1,10
2016,"2016111303",2016-11-13,"DEN","00-0032156","T.Siemian",40,25,258,2,2,0,0,6,5,0,3,0,0,0,0,0,0,0,0,0,0,0,0,0,0,0,0,0,0,0,0,0,0,0,0,0,0,0,0,0,0,0,0,0,0,0,0,0,0,0,1,10
2016,"2016111304",2016-11-13,"NYJ","00-0031568","B.Petty",32,19,163,1,1,0,0,0,0,0,0,0,0,0,0,0,0,0,0,0,0,0,0,0,0,0,0,0,0,0,0,0,0,0,0,0,0,0,0,0,0,0,0,0,0,0,0,0,0,0,1,10
2016,"2016111304",2016-11-13,"LA","00-0028986","C.Keenum",30,17,165,0,0,0,0,5,11,0,7,0,0,0,0,0,0,0,0,0,0,0,0,0,0,0,0,0,0,0,0,0,0,0,0,0,0,0,0,0,0,0,0,0,0,0,0,0,0,0,1,10
2016,"2016111305",2016-11-13,"PHI","00-0032950","C.Wentz",36,25,231,0,0,0,0,4,10,0,13,0,0,0,0,0,0,0,0,0,0,0,0,0,0,0,0,0,0,0,0,0,0,0,0,0,0,0,0,0,0,0,0,0,0,1,0,0,0,1,1,10
2016,"2016111305",2016-11-13,"ATL","00-0026143","M.Ryan",33,18,267,1,1,0,0,0,0,0,0,0,0,0,0,0,0,0,0,0,0,0,0,0,0,0,0,0,0,0,0,0,0,0,0,0,0,0,0,0,0,0,0,0,0,0,0,0,0,0,1,10
2016,"2016111301",2016-11-13,"CAR","00-0027939","C.Newton",38,23,261,1,1,0,0,12,54,1,28,4,0,0,0,0,0,0,0,0,0,0,0,0,0,0,0,0,0,0,0,0,0,0,0,0,0,0,0,0,0,0,0,0,0,0,0,0,0,0,1,10
2016,"2016111301",2016-11-13,"KC","00-0023436","A.Smith",38,25,178,0,1,1,1,4,13,0,6,0,0,0,0,0,0,0,0,0,0,0,0,0,0,0,0,0,0,0,0,0,0,0,0,0,0,0,0,0,0,0,0,0,0,0,0,0,0,0,1,10
2016,"2016111306",2016-11-13,"TB","00-0031503","J.Winston",33,23,312,2,1,0,0,0,0,0,0,0,0,0,0,0,0,0,0,0,0,0,0,0,0,0,0,0,0,0,0,0,0,0,0,0,0,0,0,0,0,0,0,0,0,0,0,0,0,0,1,10
2016,"2016111306",2016-11-13,"CHI","00-0024226","J.Cutler",30,16,182,1,2,0,0,1,7,0,7,0,0,0,0,0,0,0,0,0,0,0,0,0,0,0,0,0,0,0,0,0,0,0,0,0,0,0,0,0,0,0,0,0,0,2,0,0,0,1,1,10
2016,"2016111308",2016-11-13,"WAS","00-0029604","K.Cousins",33,22,262,2,0,0,0,1,-1,0,-1,0,0,0,0,0,0,0,0,0,0,0,0,0,0,0,0,0,0,0,0,0,0,0,0,0,0,0,0,0,0,0,0,0,0,0,0,0,0,0,1,10
2016,"2016111308",2016-11-13,"MIN","00-0027854","S.Bradford",40,31,307,2,1,0,0,0,0,0,0,0,0,0,0,0,0,0,0,0,0,0,0,0,0,0,0,0,0,0,0,0,0,0,0,0,0,0,0,0,0,0,0,0,0,0,0,0,0,0,1,10
2016,"2016111307",2016-11-13,"TEN","00-0032268","M.Mariota",26,19,295,4,0,1,0,4,8,0,6,0,0,0,0,0,0,0,0,0,0,0,0,0,0,0,0,0,0,0,0,0,0,0,0,0,0,0,0,0,0,0,0,0,0,0,0,0,0,0,1,10
2016,"2016111307",2016-11-13,"GB","00-0023459","A.Rodgers",51,31,371,2,2,0,0,3,27,1,20,20,0,0,0,0,0,0,0,0,0,0,0,0,0,0,0,0,0,0,0,0,0,0,0,0,0,0,0,0,0,0,0,0,0,0,0,0,0,0,1,10
2016,"2016111307",2016-11-13,"GB","00-0031589","B.Hundley",4,1,8,0,0,0,0,0,0,0,0,0,0,0,0,0,0,0,0,0,0,0,0,0,0,0,0,0,0,0,0,0,0,0,0,0,0,0,0,0,0,0,0,0,0,0,0,0,0,0,1,10
2016,"2016111309",2016-11-13,"SD","00-0022942","P.Rivers",44,23,326,3,4,0,0,0,0,0,0,0,0,0,0,0,0,0,0,0,0,0,0,0,0,0,0,0,0,0,0,0,0,0,0,0,0,0,0,0,0,0,0,0,0,0,0,0,0,0,1,10
2016,"2016111309",2016-11-13,"MIA","00-0029701","R.Tannehill",24,17,240,2,0,0,0,3,16,0,18,0,0,0,0,0,0,0,0,0,0,0,0,0,0,0,0,0,0,0,0,0,0,0,0,0,0,0,0,0,0,0,0,0,0,1,0,0,0,0,1,10
2016,"2016111310",2016-11-13,"ARI","00-0021429","C.Palmer",49,30,376,1,2,0,0,1,16,0,16,0,0,0,0,0,0,0,0,0,0,0,0,0,0,0,0,0,0,0,0,0,0,0,0,0,0,0,0,0,0,0,0,0,0,1,0,0,0,1,1,10
2016,"2016111310",2016-11-13,"SF","00-0027974","C.Kaepernick",30,17,210,1,0,0,0,10,55,1,19,4,0,0,0,0,0,0,0,0,0,0,0,0,0,0,0,0,0,0,0,0,0,0,0,0,0,0,0,0,0,0,0,0,0,0,0,0,0,0,1,10
2016,"2016111311",2016-11-13,"PIT","00-0022924","B.Roethlisberger",46,37,408,3,0,4,0,1,1,0,1,0,0,0,0,0,0,0,0,0,0,0,0,0,0,0,0,0,0,0,0,0,0,0,0,0,0,0,0,0,0,0,0,0,0,0,0,0,0,0,1,10
2016,"2016111311",2016-11-13,"DAL","00-0033077","D.Prescott",32,22,319,2,0,2,0,0,0,0,0,0,0,0,0,0,0,0,0,0,0,0,0,0,0,0,0,0,0,0,0,0,0,0,0,0,0,0,0,0,0,0,0,0,0,1,0,0,0,1,1,10
2016,"2016111312",2016-11-13,"NE","00-0019596","T.Brady",32,23,316,0,1,0,0,5,7,0,3,0,0,0,0,0,0,0,0,0,0,0,0,0,0,0,0,0,0,0,0,0,0,0,0,0,0,0,0,0,0,0,0,0,0,1,1,1,-1,0,1,10
2016,"2016111312",2016-11-13,"SEA","00-0029263","R.Wilson",37,25,348,3,0,1,0,3,6,0,6,0,0,0,0,0,0,0,0,0,0,0,0,0,0,0,0,0,0,0,0,0,0,0,0,0,0,0,0,0,0,0,0,0,0,0,0,0,0,0,1,10
2016,"2016111400",2016-11-14,"NYG","00-0022803","E.Manning",44,28,240,3,2,0,0,3,4,0,6,0,0,0,0,0,0,0,0,0,0,0,0,0,0,0,0,0,0,0,0,0,0,0,0,0,0,0,0,0,0,0,0,0,0,0,0,0,0,0,1,10
2016,"2016111400",2016-11-14,"CIN","00-0027973","A.Dalton",29,16,204,1,1,0,0,1,15,0,15,0,0,0,0,0,0,0,0,0,0,0,0,0,0,0,0,0,0,0,0,0,0,0,0,0,0,0,0,0,0,0,0,0,0,0,0,0,0,0,1,10
2016,"2016111700",2016-11-17,"CAR","00-0027939","C.Newton",33,14,192,1,0,0,0,5,7,0,12,0,0,0,0,0,0,0,0,0,0,0,0,0,0,0,0,0,0,0,0,0,0,0,0,0,0,0,0,0,0,0,0,0,0,0,0,0,0,0,1,11
2016,"2016111700",2016-11-17,"NO","00-0020531","D.Brees",44,35,285,2,1,0,0,2,0,0,1,0,0,0,0,0,0,0,0,0,0,0,0,0,0,0,0,0,0,0,0,0,0,0,0,0,0,0,0,0,0,0,0,0,0,1,0,0,0,1,1,11
2016,"2016112001",2016-11-20,"CLE","00-0021206","J.McCown",27,14,118,1,0,0,0,2,11,0,6,0,0,0,0,0,0,0,0,0,0,0,0,0,0,0,0,0,0,0,0,0,0,0,0,0,0,0,0,0,0,0,0,0,0,1,0,0,0,1,1,11
2016,"2016112001",2016-11-20,"CLE","00-0033104","C.Kessler",14,7,128,0,1,0,0,1,2,0,2,0,0,0,0,0,0,0,0,0,0,0,0,0,0,0,0,0,0,0,0,0,0,0,0,0,0,0,0,0,0,0,0,0,0,0,0,0,0,0,1,11
2016,"2016112001",2016-11-20,"PIT","00-0022924","B.Roethlisberger",36,23,167,0,0,1,1,0,0,0,0,0,0,0,0,0,0,0,0,0,0,0,0,0,0,0,0,0,0,0,0,0,0,0,0,0,0,0,0,0,0,0,0,0,0,0,0,0,0,0,1,11
2016,"2016112002",2016-11-20,"DAL","00-0033077","D.Prescott",36,27,301,3,0,0,0,2,16,0,12,0,0,0,0,0,0,0,0,0,0,0,0,0,0,0,0,0,0,0,0,0,0,0,0,0,0,0,0,0,0,0,0,0,0,0,1,1,0,0,1,11
2016,"2016112002",2016-11-20,"BAL","00-0026158","J.Flacco",35,23,269,1,0,0,0,1,6,0,6,0,0,0,0,0,0,0,0,0,0,0,0,0,0,0,0,0,0,0,0,0,0,0,0,0,0,0,0,0,0,0,0,0,0,0,0,0,0,0,1,11
2016,"2016112003",2016-11-20,"DET","00-0026498","M.Stafford",33,24,278,0,0,0,0,2,0,0,1,0,0,0,0,0,0,0,0,0,0,0,0,0,0,0,0,0,0,0,0,0,0,0,0,0,0,0,0,0,0,0,0,0,0,0,0,0,0,0,1,11
2016,"2016112003",2016-11-20,"JAX","00-0031407","B.Bortles",35,22,202,2,2,0,0,1,3,0,3,0,0,0,0,0,0,0,0,0,0,0,0,0,0,0,0,0,0,0,0,0,0,0,0,0,0,0,0,0,0,0,0,0,0,0,0,0,0,0,1,11
2016,"2016112004",2016-11-20,"IND","00-0029668","A.Luck",28,15,262,2,1,0,0,8,22,0,13,0,0,0,0,0,0,0,0,0,0,0,0,0,0,0,0,0,0,0,0,0,0,0,0,0,0,0,0,0,0,0,0,0,0,0,0,0,0,0,1,11
2016,"2016112004",2016-11-20,"TEN","00-0032268","M.Mariota",38,25,290,2,0,0,0,5,29,0,12,0,0,0,0,0,0,0,0,0,0,0,0,0,0,0,0,0,0,0,0,0,0,0,0,0,0,0,0,0,0,0,0,0,0,0,0,0,0,0,1,11
2016,"2016112000",2016-11-20,"CIN","00-0027973","A.Dalton",43,24,207,1,2,0,0,4,10,1,7,2,0,0,0,0,0,0,0,0,0,0,0,0,0,0,0,0,0,0,0,0,0,0,0,0,0,0,0,0,0,0,0,0,0,1,0,0,0,0,1,11
2016,"2016112000",2016-11-20,"BUF","00-0028118","T.Taylor",27,19,166,0,1,0,0,9,39,0,13,0,0,0,0,0,0,0,0,0,0,0,0,0,0,0,0,0,0,0,0,0,0,0,0,0,0,0,0,0,0,0,0,0,0,0,0,0,0,0,1,11
2016,"2016112005",2016-11-20,"KC","00-0023436","A.Smith",31,24,261,1,1,0,0,2,10,1,11,11,0,0,0,0,0,0,0,0,0,0,0,0,0,0,0,0,0,0,0,0,0,0,0,0,0,0,0,0,0,0,0,0,0,0,0,0,0,0,1,11
2016,"2016112005",2016-11-20,"TB","00-0031503","J.Winston",39,24,331,1,0,0,0,5,22,0,12,0,0,0,0,0,0,0,0,0,0,0,0,0,0,0,0,0,0,0,0,0,0,0,0,0,0,0,0,0,0,0,0,0,0,2,0,0,-5,1,1,11
2016,"2016112007",2016-11-20,"NYG","00-0022803","E.Manning",36,21,227,2,0,0,0,4,1,0,4,0,0,0,0,0,0,0,0,0,0,0,0,0,0,0,0,0,0,0,0,0,0,0,0,0,0,0,0,0,0,0,0,0,0,0,0,0,0,0,1,11
2016,"2016112007",2016-11-20,"CHI","00-0024226","J.Cutler",30,17,252,1,1,0,0,1,3,0,3,0,0,0,0,0,0,0,0,0,0,0,0,0,0,0,0,0,0,0,0,0,0,0,0,0,0,0,0,0,0,0,0,0,0,1,0,0,0,0,1,11
2016,"2016112006",2016-11-20,"MIN","00-0027854","S.Bradford",28,20,169,1,0,0,0,1,-1,0,-1,0,0,0,0,0,0,0,0,0,0,0,0,0,0,0,0,0,0,0,0,0,0,0,0,0,0,0,0,0,0,0,0,0,0,1,0,0,0,1,1,11
2016,"2016112006",2016-11-20,"ARI","00-0021429","C.Palmer",38,20,198,2,2,0,0,1,11,0,11,0,0,0,0,0,0,0,0,0,0,0,0,0,0,0,0,0,0,0,0,0,0,0,0,0,0,0,0,0,0,0,0,0,0,0,0,0,0,0,1,11
2016,"2016112008",2016-11-20,"LA","00-0033106","J.Goff",31,17,134,0,0,0,0,4,11,0,6,0,0,0,0,0,0,0,0,0,0,0,0,0,0,0,0,0,0,0,0,0,0,0,0,0,0,0,0,0,0,0,0,0,0,0,0,0,0,0,1,11
2016,"2016112008",2016-11-20,"MIA","00-0029701","R.Tannehill",34,24,172,2,1,0,0,2,19,0,10,0,0,0,0,0,0,0,0,0,0,0,0,0,0,0,0,0,0,0,0,0,0,0,0,0,0,0,0,0,0,0,0,0,0,0,0,0,0,0,1,11
2016,"2016112009",2016-11-20,"SF","00-0027974","C.Kaepernick",30,16,206,2,0,0,0,4,32,0,17,0,0,0,0,0,0,0,0,0,0,0,0,0,0,0,0,0,0,0,0,0,0,0,0,0,0,0,0,0,0,0,0,0,0,2,2,2,0,0,1,11
2016,"2016112009",2016-11-20,"NE","00-0019596","T.Brady",40,24,280,4,0,0,0,4,12,0,7,0,0,0,0,0,0,0,0,0,0,0,0,0,0,0,0,0,0,0,0,0,0,0,0,0,0,0,0,0,0,0,0,0,0,0,0,0,0,0,1,11
2016,"2016112010",2016-11-20,"SEA","00-0029263","R.Wilson",31,18,272,1,0,0,0,8,19,0,7,0,0,0,1,15,1,15,15,0,0,0,0,0,0,0,0,0,0,0,0,0,0,0,0,0,0,0,0,0,0,0,0,0,0,0,1,1,0,0,1,11
2016,"2016112010",2016-11-20,"PHI","00-0032950","C.Wentz",45,23,218,2,2,1,1,1,2,0,2,0,0,0,0,0,0,0,0,0,0,0,0,0,0,0,0,0,0,0,0,0,0,0,0,0,0,0,0,0,0,0,0,0,0,1,0,0,0,0,1,11
2016,"2016112011",2016-11-20,"WAS","00-0029604","K.Cousins",30,21,375,3,0,0,0,4,4,0,4,0,1,0,0,0,0,0,0,0,0,0,0,0,0,0,0,0,0,0,0,0,0,0,0,0,0,0,0,0,0,0,0,0,0,0,0,0,0,0,1,11
2016,"2016112011",2016-11-20,"GB","00-0023459","A.Rodgers",41,26,351,3,0,0,0,3,33,0,17,0,0,0,0,0,0,0,0,0,0,0,0,0,0,0,0,0,0,0,0,0,0,0,0,0,0,0,0,0,0,0,0,0,0,1,1,1,0,0,1,11
2016,"2016112100",2016-11-21,"OAK","00-0031280","D.Carr",31,21,295,3,1,0,0,2,-2,0,-1,0,0,0,0,0,0,0,0,0,0,0,0,0,0,0,0,0,0,0,0,0,0,0,0,0,0,0,0,0,0,0,0,0,0,0,0,0,0,0,1,11
2016,"2016112100",2016-11-21,"HOU","00-0029682","B.Osweiler",39,26,243,1,1,0,0,2,19,0,10,0,0,0,1,-6,0,-6,0,0,0,0,0,0,0,0,0,0,0,0,0,0,0,0,0,0,0,0,0,0,0,0,0,0,0,0,0,0,0,0,1,11
2016,"2016112400",2016-11-24,"DET","00-0026498","M.Stafford",40,23,232,1,0,0,0,4,30,0,15,0,0,0,0,0,0,0,0,0,0,0,0,0,0,0,0,0,0,0,0,0,0,0,0,0,0,0,0,0,0,0,0,0,0,0,0,0,0,0,1,12
2016,"2016112400",2016-11-24,"MIN","00-0027854","S.Bradford",37,31,224,0,1,0,0,0,0,0,0,0,0,0,0,0,0,0,0,0,0,0,0,0,0,0,0,0,0,0,0,0,0,0,0,0,0,0,0,0,0,0,0,0,0,0,0,0,0,0,1,12
2016,"2016112401",2016-11-24,"DAL","00-0033077","D.Prescott",24,17,195,1,0,0,0,8,39,1,18,6,0,0,0,0,0,0,0,0,0,0,0,0,0,0,0,0,0,0,0,0,0,0,0,0,0,0,0,0,0,0,0,0,0,0,0,0,0,0,1,12
2016,"2016112401",2016-11-24,"WAS","00-0029604","K.Cousins",53,41,449,3,0,1,0,1,2,0,2,0,0,0,0,0,0,0,0,0,0,0,0,0,0,0,0,0,0,0,0,0,0,0,0,0,0,0,0,0,0,0,0,0,0,1,1,1,0,0,1,12
2016,"2016112402",2016-11-24,"IND","00-0028595","S.Tolzien",36,22,205,1,2,0,0,3,6,0,5,0,0,0,0,0,0,0,0,0,0,0,0,0,0,0,0,0,0,0,0,0,0,0,0,0,0,0,0,0,0,0,0,0,0,1,1,1,0,0,1,12
2016,"2016112402",2016-11-24,"PIT","00-0022924","B.Roethlisberger",20,14,221,3,0,0,0,0,0,0,0,0,0,0,0,0,0,0,0,0,0,0,0,0,0,0,0,0,0,0,0,0,0,0,0,0,0,0,0,0,0,0,0,0,0,0,0,0,0,0,1,12
2016,"2016112703",2016-11-27,"CHI","00-0030533","M.Barkley",54,28,316,3,2,0,0,2,0,0,0,0,0,0,0,0,0,0,0,0,0,0,0,0,0,0,0,0,0,0,0,0,0,0,0,0,0,0,0,0,0,0,0,0,0,1,1,1,-4,0,1,12
2016,"2016112703",2016-11-27,"TEN","00-0032268","M.Mariota",23,15,226,2,0,0,0,4,46,0,29,0,0,0,0,0,0,0,0,0,0,0,0,0,0,0,0,0,0,0,0,0,0,0,0,0,0,0,0,0,0,0,0,0,0,0,0,0,0,0,1,12
2016,"2016112702",2016-11-27,"BUF","00-0028118","T.Taylor",18,12,166,1,0,0,0,7,38,1,11,7,0,0,0,0,0,0,0,0,0,0,0,0,0,0,0,0,0,0,0,0,0,0,0,0,0,0,0,0,0,0,0,0,0,0,0,0,0,0,1,12
2016,"2016112702",2016-11-27,"JAX","00-0031407","B.Bortles",26,13,126,2,0,0,0,8,81,0,27,0,0,0,0,0,0,0,0,0,0,0,0,0,0,0,0,0,0,0,0,0,0,0,0,0,0,0,0,0,0,0,0,0,0,0,0,0,0,0,1,12
2016,"2016112701",2016-11-27,"BAL","00-0026158","J.Flacco",36,25,234,1,1,0,0,2,19,0,16,0,0,0,0,0,0,0,0,0,0,0,0,0,0,0,0,0,0,0,0,0,0,0,0,0,0,0,0,0,0,0,0,0,0,0,0,0,0,0,1,12
2016,"2016112701",2016-11-27,"CIN","00-0027973","A.Dalton",48,26,283,1,0,0,0,3,14,0,12,0,0,0,0,0,0,0,0,0,0,0,0,0,0,0,0,0,0,0,0,0,0,0,0,0,0,0,0,0,0,0,0,0,0,4,0,0,-3,2,1,12
2016,"2016112700",2016-11-27,"ATL","00-0026143","M.Ryan",34,26,269,2,1,0,0,4,15,0,11,0,0,0,0,0,0,0,0,0,0,0,0,0,0,0,0,0,0,0,0,0,0,0,0,0,0,0,0,0,0,0,0,0,0,0,0,0,0,0,1,12
2016,"2016112700",2016-11-27,"ARI","00-0021429","C.Palmer",45,25,289,2,1,1,0,1,0,0,0,0,0,0,0,0,0,0,0,0,0,0,0,0,0,0,0,0,0,0,0,0,0,0,0,0,0,0,0,0,0,0,0,0,0,1,1,1,-13,0,1,12
2016,"2016112704",2016-11-27,"CLE","00-0021206","J.McCown",43,25,322,1,0,0,0,0,0,0,0,0,0,0,0,0,0,0,0,0,0,0,0,0,0,0,0,0,0,0,0,0,0,0,0,0,0,0,0,0,0,0,0,0,0,2,0,0,0,2,1,12
2016,"2016112704",2016-11-27,"NYG","00-0022803","E.Manning",27,15,194,3,0,0,0,2,-2,0,-1,0,0,0,0,0,0,0,0,0,0,0,0,0,0,0,0,0,0,0,0,0,0,0,0,0,0,0,0,0,0,0,0,0,0,0,0,0,0,0,1,12
2016,"2016112707",2016-11-27,"NO","00-0020531","D.Brees",36,28,310,4,0,0,0,1,1,1,1,1,0,0,0,0,0,0,0,0,0,0,0,0,0,0,0,0,0,0,0,0,0,0,0,0,0,0,0,0,0,0,0,0,0,1,0,0,0,1,1,12
2016,"2016112707",2016-11-27,"LA","00-0033106","J.Goff",32,20,214,3,1,0,0,0,0,0,0,0,0,0,0,0,0,0,0,0,0,0,0,0,0,0,0,0,0,0,0,0,0,0,0,0,0,0,0,0,0,0,0,0,0,1,0,0,0,1,1,12
2016,"2016112706",2016-11-27,"MIA","00-0029701","R.Tannehill",30,20,285,3,0,0,0,6,34,0,17,0,0,0,0,0,0,0,0,0,0,0,0,0,0,0,0,0,0,0,0,0,0,0,0,0,0,0,0,0,0,0,0,0,0,0,0,0,0,0,1,12
2016,"2016112706",2016-11-27,"SF","00-0027974","C.Kaepernick",46,29,296,3,1,0,0,10,113,0,30,0,0,0,0,0,0,0,0,0,0,0,0,0,0,0,0,0,0,0,0,0,0,0,0,0,0,0,0,0,0,0,0,0,0,0,0,0,0,0,1,12
2016,"2016112705",2016-11-27,"HOU","00-0029682","B.Osweiler",37,22,246,0,3,0,0,3,23,1,21,1,0,0,0,0,0,0,0,0,0,0,0,0,0,0,0,0,0,0,0,0,0,0,0,0,0,0,0,0,0,0,0,0,0,0,0,0,0,0,1,12
2016,"2016112705",2016-11-27,"SD","00-0022942","P.Rivers",30,22,242,3,1,0,0,0,0,0,0,0,0,0,0,0,0,0,0,0,0,0,0,0,0,0,0,0,0,0,0,0,0,0,0,0,0,0,0,0,0,0,0,0,0,0,0,0,0,0,1,12
2016,"2016112708",2016-11-27,"TB","00-0031503","J.Winston",28,21,220,2,1,0,0,5,12,0,8,0,0,0,0,0,0,0,0,0,0,0,0,0,0,0,0,0,0,0,0,0,0,0,0,0,0,0,0,0,0,0,0,0,0,0,0,0,0,0,1,12
2016,"2016112708",2016-11-27,"SEA","00-0029263","R.Wilson",33,17,151,0,2,0,0,8,80,0,17,0,0,0,0,0,0,0,0,0,0,0,0,0,0,0,0,0,0,0,0,0,0,0,0,0,0,0,0,0,0,0,0,0,0,1,1,1,0,0,1,12
2016,"2016112711",2016-11-27,"NYJ","00-0023682","R.Fitzpatrick",32,22,269,2,0,0,0,2,1,0,2,0,0,0,0,0,0,0,0,0,0,0,0,0,0,0,0,0,0,0,0,0,0,0,0,0,0,0,0,0,0,0,0,0,0,1,0,0,0,1,1,12
2016,"2016112711",2016-11-27,"NE","00-0019596","T.Brady",50,30,286,2,0,1,0,3,-4,0,-1,0,0,0,0,0,0,0,0,0,0,0,0,0,0,0,0,0,0,0,0,0,0,0,0,0,0,0,0,0,0,0,0,0,0,1,1,1,0,0,1,12
2016,"2016112710",2016-11-27,"OAK","00-0031280","D.Carr",38,26,315,2,1,1,1,4,-13,0,0,0,0,0,0,0,0,0,0,0,0,0,0,0,0,0,0,0,0,0,0,0,0,0,0,0,0,0,0,0,0,0,0,0,0,2,0,0,-1,1,1,12
2016,"2016112710",2016-11-27,"CAR","00-0027939","C.Newton",28,14,246,2,1,2,0,3,6,1,3,3,0,0,0,0,0,0,0,0,0,0,0,0,0,0,0,0,0,0,0,0,0,0,0,0,0,0,0,0,0,0,0,0,0,1,0,0,0,1,1,12
2016,"2016112709",2016-11-27,"DEN","00-0032156","T.Siemian",34,20,368,3,0,0,0,5,23,0,14,0,0,0,0,0,0,0,0,0,0,0,0,0,0,0,0,0,0,0,0,0,0,0,0,0,0,0,0,0,0,0,0,0,0,1,0,0,0,0,1,12
2016,"2016112709",2016-11-27,"KC","00-0023436","A.Smith",44,26,220,1,0,1,1,2,2,0,3,0,0,0,0,0,0,0,0,0,0,0,0,0,0,0,0,0,0,0,0,0,0,0,0,0,0,0,0,0,0,0,0,0,0,0,0,0,0,0,1,12
2016,"2016112800",2016-11-28,"PHI","00-0032950","C.Wentz",36,24,254,0,1,0,0,4,33,1,17,1,0,0,0,0,0,0,0,0,0,0,0,0,0,0,0,0,0,0,0,0,0,0,0,0,0,0,0,0,0,0,0,0,0,0,1,1,0,0,1,12
2016,"2016112800",2016-11-28,"GB","00-0023459","A.Rodgers",39,30,313,2,0,0,0,6,26,0,16,0,0,0,0,0,0,0,0,0,0,0,0,0,0,0,0,0,0,0,0,0,0,0,0,0,0,0,0,0,0,0,0,0,0,0,0,0,0,0,1,12
2016,"2016120100",2016-12-01,"MIN","00-0027854","S.Bradford",45,32,247,1,0,1,0,2,10,0,10,0,0,0,0,0,0,0,0,0,0,0,0,0,0,0,0,0,0,0,0,0,0,0,0,0,0,0,0,0,0,0,0,0,0,1,1,1,-6,0,1,13
2016,"2016120100",2016-12-01,"DAL","00-0033077","D.Prescott",18,12,139,1,0,0,0,6,37,0,14,0,0,0,0,0,0,0,0,0,0,0,0,0,0,0,0,0,0,0,0,0,0,0,0,0,0,0,0,0,0,0,0,0,0,2,0,0,-3,1,1,13
2016,"2016120400",2016-12-04,"ATL","00-0026143","M.Ryan",34,22,297,1,1,2,0,3,23,0,12,0,0,0,0,0,0,0,0,0,0,0,0,0,0,0,0,0,0,0,0,0,0,0,0,0,0,0,0,0,0,0,0,0,0,0,0,0,0,0,1,13
2016,"2016120400",2016-12-04,"KC","00-0023436","A.Smith",25,21,270,1,0,0,0,3,-3,0,-1,0,0,0,0,0,0,0,0,0,0,0,0,0,0,0,0,0,0,0,0,0,0,0,0,0,0,0,0,0,0,0,0,0,0,1,0,0,0,1,1,13
2016,"2016120407",2016-12-04,"NO","00-0020531","D.Brees",44,31,326,0,3,0,0,0,0,0,0,0,0,0,0,0,0,0,0,0,0,0,0,0,0,0,0,0,0,0,0,0,0,0,0,0,0,0,0,0,0,0,0,0,0,1,1,1,0,0,1,13
2016,"2016120407",2016-12-04,"DET","00-0026498","M.Stafford",42,30,341,2,0,1,0,3,22,0,11,0,0,0,0,0,0,0,0,0,0,0,0,0,0,0,0,0,0,0,0,0,0,0,0,0,0,0,0,0,0,0,0,0,0,0,0,0,0,0,1,13
2016,"2016120406",2016-12-04,"NE","00-0019596","T.Brady",46,33,269,1,0,0,0,3,1,0,3,0,0,0,0,0,0,0,0,0,0,0,0,0,0,0,0,0,0,0,0,0,0,0,0,0,0,0,0,0,0,0,0,0,0,0,0,0,0,0,1,13
2016,"2016120406",2016-12-04,"LA","00-0033106","J.Goff",32,14,161,1,2,0,0,1,-1,0,-1,0,0,0,0,0,0,0,0,0,0,0,0,0,0,0,0,0,0,0,0,0,0,0,0,0,0,0,0,0,0,0,0,0,0,0,0,0,0,0,1,13
2016,"2016120405",2016-12-04,"JAX","00-0031407","B.Bortles",42,19,181,0,2,0,0,2,29,1,22,22,0,0,0,0,0,0,0,0,0,0,0,0,0,0,0,0,0,0,0,0,0,0,0,0,0,0,0,0,0,0,0,0,0,1,0,0,0,1,1,13
2016,"2016120405",2016-12-04,"DEN","00-0033108","P.Lynch",24,12,104,0,0,0,0,2,11,0,10,0,0,0,0,0,0,0,0,0,0,0,0,0,0,0,0,0,0,0,0,0,0,0,0,0,0,0,0,0,0,0,0,0,0,0,0,0,0,0,1,13
2016,"2016120404",2016-12-04,"GB","00-0023459","A.Rodgers",30,20,209,2,0,0,0,3,16,0,11,0,0,0,0,0,0,0,0,0,0,0,0,0,0,0,0,0,0,0,0,0,0,0,0,0,0,0,0,0,0,0,0,0,0,1,0,0,-3,1,1,13
2016,"2016120404",2016-12-04,"HOU","00-0029682","B.Osweiler",35,22,202,2,0,0,0,3,20,0,9,0,0,0,0,0,0,0,0,0,0,0,0,0,0,0,0,0,0,0,0,0,0,0,0,0,0,0,0,0,0,0,0,0,0,0,0,0,0,0,1,13
2016,"2016120403",2016-12-04,"CIN","00-0027973","A.Dalton",31,23,332,2,0,0,0,2,9,0,10,0,0,0,0,0,0,0,0,0,0,0,0,0,0,0,0,0,0,0,0,0,0,0,0,0,0,0,0,0,0,0,0,0,0,0,0,0,0,0,1,13
2016,"2016120403",2016-12-04,"PHI","00-0032950","C.Wentz",60,36,308,1,3,0,0,3,16,0,10,0,0,0,1,7,0,7,0,0,0,0,0,0,0,0,0,0,0,0,0,0,0,0,0,0,0,0,0,0,0,0,0,0,0,0,0,0,0,0,1,13
2016,"2016120401",2016-12-04,"BAL","00-0026158","J.Flacco",47,36,381,4,1,0,0,0,0,0,0,0,0,0,0,0,0,0,0,0,0,0,0,0,0,0,0,0,0,0,0,0,0,0,0,0,0,0,0,0,0,0,0,0,0,0,0,0,0,0,1,13
2016,"2016120401",2016-12-04,"MIA","00-0029701","R.Tannehill",40,29,226,1,3,1,0,1,0,0,0,0,0,0,0,0,0,0,0,0,0,0,0,0,0,0,0,0,0,0,0,0,0,0,0,0,0,0,0,0,0,0,0,0,0,1,1,1,-8,0,1,13
2016,"2016120402",2016-12-04,"CHI","00-0030533","M.Barkley",18,11,192,0,0,0,0,4,3,0,5,0,0,0,0,0,0,0,0,0,0,0,0,0,0,0,0,0,0,0,0,0,0,0,0,0,0,0,0,0,0,0,0,0,0,1,0,0,-3,0,1,13
2016,"2016120402",2016-12-04,"SF","00-0027974","C.Kaepernick",5,1,4,0,0,0,0,6,20,0,14,0,0,0,0,0,0,0,0,0,0,0,0,0,0,0,0,0,0,0,0,0,0,0,0,0,0,0,0,0,0,0,0,0,0,1,0,0,0,0,1,13
2016,"2016120402",2016-12-04,"SF","00-0027948","B.Gabbert",10,4,35,0,0,0,0,1,1,0,1,0,0,0,0,0,0,0,0,0,0,0,0,0,0,0,0,0,0,0,0,0,0,0,0,0,0,0,0,0,0,0,0,0,0,0,0,0,0,0,1,13
2016,"2016120408",2016-12-04,"OAK","00-0031280","D.Carr",35,19,260,2,0,1,1,2,4,0,3,0,0,0,0,0,0,0,0,0,0,0,0,0,0,0,0,0,0,0,0,0,0,0,0,0,0,0,0,0,0,0,0,0,0,0,0,0,0,0,1,13
2016,"2016120408",2016-12-04,"BUF","00-0028118","T.Taylor",35,18,191,0,1,0,0,3,30,1,12,12,0,0,0,0,0,0,0,0,0,0,0,0,0,0,0,0,0,0,0,0,0,0,0,0,0,0,0,0,0,0,0,0,0,1,0,0,0,1,1,13
2016,"2016120410",2016-12-04,"PIT","00-0022924","B.Roethlisberger",36,24,289,2,1,1,0,0,0,0,0,0,0,0,0,0,0,0,0,0,0,0,0,0,0,0,0,0,0,0,0,0,0,0,0,0,0,0,0,0,0,0,0,0,0,0,0,0,0,0,1,13
2016,"2016120410",2016-12-04,"NYG","00-0022803","E.Manning",39,24,195,2,2,0,0,1,-1,0,-1,0,0,0,0,0,0,0,0,0,0,0,0,0,0,0,0,0,0,0,0,0,0,0,0,0,0,0,0,0,0,0,0,0,0,0,0,0,0,0,1,13
2016,"2016120409",2016-12-04,"ARI","00-0021429","C.Palmer",46,30,300,3,0,0,0,1,-1,0,-1,0,0,0,0,0,0,0,0,0,0,0,0,0,0,0,0,0,0,0,0,0,0,0,0,0,0,0,0,0,0,0,0,0,0,0,0,0,0,0,1,13
2016,"2016120409",2016-12-04,"WAS","00-0029604","K.Cousins",37,21,271,1,1,0,0,2,0,1,1,1,0,0,0,0,0,0,0,0,0,0,0,0,0,0,0,0,0,0,0,0,0,0,0,0,0,0,0,0,0,0,0,0,0,1,0,0,0,1,1,13
2016,"2016120411",2016-12-04,"SD","00-0022942","P.Rivers",26,15,225,2,2,0,0,3,18,0,9,0,0,0,0,0,0,0,0,0,0,0,0,0,0,0,0,0,0,0,0,0,0,0,0,0,0,0,0,0,0,0,0,0,0,0,0,0,0,0,1,13
2016,"2016120411",2016-12-04,"TB","00-0031503","J.Winston",30,20,280,1,1,1,1,4,1,0,5,0,0,0,0,0,0,0,0,0,0,0,0,0,0,0,0,0,0,0,0,0,0,0,0,0,0,0,0,0,0,0,0,0,0,0,0,0,0,0,1,13
2016,"2016120412",2016-12-04,"SEA","00-0029263","R.Wilson",36,26,277,1,1,0,0,3,29,0,18,0,0,0,0,0,0,0,0,0,0,0,0,0,0,0,0,0,0,0,0,0,0,0,0,0,0,0,0,0,0,0,0,0,0,0,0,0,0,0,1,13
2016,"2016120412",2016-12-04,"CAR","00-0027939","C.Newton",32,14,182,1,0,0,0,3,12,0,9,0,0,0,0,0,0,0,0,0,0,0,0,0,0,0,0,0,0,0,0,0,0,0,0,0,0,0,0,0,0,0,0,0,0,0,0,0,0,0,1,13
2016,"2016120500",2016-12-05,"NYJ","00-0023682","R.Fitzpatrick",12,5,81,0,1,0,0,2,3,0,4,0,0,0,0,0,0,0,0,0,0,0,0,0,0,0,0,0,0,0,0,0,0,0,0,0,0,0,0,0,0,0,0,0,0,0,1,1,0,0,1,13
2016,"2016120500",2016-12-05,"NYJ","00-0031568","B.Petty",25,11,135,1,2,0,0,0,0,0,0,0,0,0,0,0,0,0,0,0,0,0,0,0,0,0,0,0,0,0,0,0,0,0,0,0,0,0,0,0,0,0,0,0,0,0,0,0,0,0,1,13
2016,"2016120500",2016-12-05,"IND","00-0029668","A.Luck",28,22,278,4,0,0,0,3,26,0,12,0,0,0,0,0,0,0,0,0,0,0,0,0,0,0,0,0,0,0,0,0,0,0,0,0,0,0,0,0,0,0,0,0,0,0,0,0,0,0,1,13
2016,"2016120800",2016-12-08,"KC","00-0023436","A.Smith",26,17,264,1,1,0,0,4,3,0,6,0,0,0,1,3,0,3,0,0,0,0,0,0,0,0,0,0,0,0,0,0,0,0,0,0,0,0,0,0,0,0,0,0,0,1,0,0,0,1,1,14
2016,"2016120800",2016-12-08,"OAK","00-0031280","D.Carr",41,17,117,0,0,0,0,2,3,0,2,0,0,0,0,0,0,0,0,0,0,0,0,0,0,0,0,0,0,0,0,0,0,0,0,0,0,0,0,0,0,0,0,0,0,0,0,0,0,0,1,14
2016,"2016121100",2016-12-11,"BUF","00-0028118","T.Taylor",25,15,228,2,1,0,0,3,2,0,1,0,0,0,0,0,0,0,0,0,0,0,0,0,0,0,0,0,0,0,0,0,0,0,0,0,0,0,0,0,0,0,0,0,0,0,0,0,0,0,1,14
2016,"2016121100",2016-12-11,"PIT","00-0022924","B.Roethlisberger",31,17,220,0,3,0,0,3,-2,0,0,0,0,0,0,0,0,0,0,0,0,0,0,0,0,0,0,0,0,0,0,0,0,0,0,0,0,0,0,0,0,0,0,0,0,0,0,0,0,0,1,14
2016,"2016121109",2016-12-11,"TEN","00-0032268","M.Mariota",20,6,88,0,0,0,0,8,38,0,13,0,0,0,0,0,0,0,0,0,0,0,0,0,0,0,0,0,0,0,0,0,0,0,0,0,0,0,0,0,0,0,0,0,0,1,1,1,0,0,1,14
2016,"2016121109",2016-12-11,"DEN","00-0032156","T.Siemian",51,35,334,1,0,0,0,0,0,0,0,0,0,0,0,0,0,0,0,0,0,0,0,0,0,0,0,0,0,0,0,0,0,0,0,0,0,0,0,0,0,0,0,0,0,0,0,0,0,0,1,14
2016,"2016121107",2016-12-11,"PHI","00-0032950","C.Wentz",46,32,314,1,1,1,0,2,5,0,3,0,0,0,0,0,0,0,0,0,0,0,0,0,0,0,0,0,0,0,0,0,0,0,0,0,0,0,0,0,0,0,0,0,0,2,0,0,0,1,1,14
2016,"2016121107",2016-12-11,"WAS","00-0029604","K.Cousins",21,14,234,2,1,1,0,4,6,0,6,0,0,0,0,0,0,0,0,0,0,0,0,0,0,0,0,0,0,0,0,0,0,0,0,0,0,0,0,0,0,0,0,0,0,0,0,0,0,0,1,14
2016,"2016121106",2016-12-11,"MIA","00-0029701","R.Tannehill",20,15,195,3,1,0,0,5,20,0,12,0,0,0,0,0,0,0,0,0,0,0,0,0,0,0,0,0,0,0,0,0,0,0,0,0,0,0,0,0,0,0,0,0,0,3,1,1,0,1,1,14
2016,"2016121106",2016-12-11,"MIA","00-0025708","M.Moore",5,3,47,0,0,0,0,0,0,0,0,0,0,0,0,0,0,0,0,0,0,0,0,0,0,0,0,0,0,0,0,0,0,0,0,0,0,0,0,0,0,0,0,0,0,0,0,0,0,0,1,14
2016,"2016121106",2016-12-11,"ARI","00-0021429","C.Palmer",33,18,145,2,2,1,1,3,5,0,6,0,0,0,0,0,0,0,0,0,0,0,0,0,0,0,0,0,0,0,0,0,0,0,0,0,0,0,0,0,0,0,0,0,0,3,1,1,-2,1,1,14
2016,"2016121105",2016-12-11,"JAX","00-0031407","B.Bortles",37,23,257,1,0,0,0,3,13,0,6,0,0,0,0,0,0,0,0,0,0,0,0,0,0,0,0,0,0,0,0,0,0,0,0,0,0,0,0,0,0,0,0,0,0,0,0,0,0,0,1,14
2016,"2016121105",2016-12-11,"MIN","00-0027854","S.Bradford",34,24,292,1,0,0,0,4,17,0,15,0,0,0,0,0,0,0,0,0,0,0,0,0,0,0,0,0,0,0,0,0,0,0,0,0,0,0,0,0,0,0,0,0,0,1,1,1,0,0,1,14
2016,"2016121104",2016-12-11,"IND","00-0029668","A.Luck",45,24,276,2,2,0,0,2,32,0,33,0,0,0,0,0,0,0,0,0,0,0,0,0,0,0,0,0,0,0,0,0,0,0,0,0,0,0,0,0,0,0,0,0,0,1,0,0,0,1,1,14
2016,"2016121104",2016-12-11,"HOU","00-0029682","B.Osweiler",24,14,147,0,1,0,0,2,-2,0,-1,0,0,0,0,0,0,0,0,0,0,0,0,0,0,0,0,0,0,0,0,0,0,0,0,0,0,0,0,0,0,0,0,0,0,0,0,0,0,0,1,14
2016,"2016121101",2016-12-11,"CAR","00-0027939","C.Newton",27,10,160,1,1,0,0,8,31,0,8,0,0,0,0,0,0,0,0,0,0,0,0,0,0,0,0,0,0,0,0,0,0,0,0,0,0,0,0,0,0,0,0,0,0,0,0,0,0,0,1,14
2016,"2016121101",2016-12-11,"SD","00-0022942","P.Rivers",39,21,236,2,3,1,0,0,0,0,0,0,0,0,0,0,0,0,0,0,0,0,0,0,0,0,0,0,0,0,0,0,0,0,0,0,0,0,0,0,0,0,0,0,0,2,0,0,0,2,1,14
2016,"2016121102",2016-12-11,"CLE","00-0029665","R.Griffin",28,12,104,0,1,0,0,7,31,1,7,1,0,0,0,0,0,0,0,0,0,0,0,0,0,0,0,0,0,0,0,0,0,0,0,0,0,0,0,0,0,0,0,0,0,0,0,0,0,0,1,14
2016,"2016121102",2016-12-11,"CIN","00-0027973","A.Dalton",28,20,180,2,0,0,0,2,17,0,9,0,0,0,0,0,0,0,0,0,0,0,0,0,0,0,0,0,0,0,0,0,0,0,0,0,0,0,0,0,0,0,0,0,0,1,0,0,0,0,1,14
2016,"2016121103",2016-12-11,"DET","00-0026498","M.Stafford",35,21,223,1,2,0,0,4,15,1,7,7,0,0,0,0,0,0,0,0,0,0,0,0,0,0,0,0,0,0,0,0,0,0,0,0,0,0,0,0,0,0,0,0,0,0,0,0,0,0,1,14
2016,"2016121103",2016-12-11,"CHI","00-0030533","M.Barkley",32,20,212,1,0,0,0,0,0,0,0,0,0,0,0,0,0,0,0,0,0,0,0,0,0,0,0,0,0,0,0,0,0,0,0,0,0,0,0,0,0,0,0,0,0,0,0,0,0,0,1,14
2016,"2016121110",2016-12-11,"SF","00-0027974","C.Kaepernick",26,15,133,1,0,0,0,3,23,0,13,0,0,0,0,0,0,0,0,0,0,0,0,0,0,0,0,0,0,0,0,0,0,0,0,0,0,0,0,0,0,0,0,0,0,0,0,0,0,0,1,14
2016,"2016121110",2016-12-11,"NYJ","00-0031568","B.Petty",35,23,257,0,1,0,0,4,19,0,9,0,1,1,0,0,0,0,0,0,0,0,0,0,0,0,0,0,0,0,0,0,0,0,0,0,0,0,0,0,0,0,0,0,0,0,0,0,0,0,1,14
2016,"2016121108",2016-12-11,"TB","00-0031503","J.Winston",26,16,184,0,0,0,0,5,16,0,14,0,0,0,0,0,0,0,0,0,0,0,0,0,0,0,0,0,0,0,0,0,0,0,0,0,0,0,0,0,0,0,0,0,0,0,0,0,0,0,1,14
2016,"2016121108",2016-12-11,"NO","00-0020531","D.Brees",41,25,257,0,3,0,0,1,2,0,2,0,0,0,0,0,0,0,0,0,0,0,0,0,0,0,0,0,0,0,0,0,0,0,0,0,0,0,0,0,0,0,0,0,0,0,0,0,0,0,1,14
2016,"2016121112",2016-12-11,"LA","00-0033106","J.Goff",41,24,235,0,2,0,0,1,2,1,2,2,0,0,0,0,0,0,0,0,0,0,0,0,0,0,0,0,0,0,0,0,0,0,0,0,0,0,0,0,0,0,0,0,0,1,0,0,0,1,1,14
2016,"2016121112",2016-12-11,"ATL","00-0026143","M.Ryan",28,18,237,3,0,0,0,0,0,0,0,0,0,0,0,0,0,0,0,0,0,0,0,0,0,0,0,0,0,0,0,0,0,0,0,0,0,0,0,0,0,0,0,0,0,0,0,0,0,0,1,14
2016,"2016121111",2016-12-11,"GB","00-0023459","A.Rodgers",23,18,246,3,0,0,0,3,-6,0,-1,0,0,0,0,0,0,0,0,0,0,0,0,0,0,0,0,0,0,0,0,0,0,0,0,0,0,0,0,0,0,0,0,0,0,0,0,0,0,0,1,14
2016,"2016121111",2016-12-11,"SEA","00-0029263","R.Wilson",39,22,240,1,5,0,0,4,19,0,8,0,0,0,0,0,0,0,0,0,0,0,0,0,0,0,0,0,0,0,0,0,0,0,0,0,0,0,0,0,0,0,0,0,0,0,0,0,0,0,1,14
2016,"2016121113",2016-12-11,"NYG","00-0022803","E.Manning",28,17,193,1,1,0,0,2,-2,0,-1,0,0,0,0,0,0,0,0,0,0,0,0,0,0,0,0,0,0,0,0,0,0,0,0,0,0,0,0,0,0,0,0,0,0,2,0,0,0,2,1,14
2016,"2016121113",2016-12-11,"DAL","00-0033077","D.Prescott",37,17,165,1,2,0,0,1,1,0,1,0,0,0,0,0,0,0,0,0,0,0,0,0,0,0,0,0,0,0,0,0,0,0,0,0,0,0,0,0,0,0,0,0,0,1,0,0,0,0,1,14
2016,"2016121200",2016-12-12,"NE","00-0019596","T.Brady",38,25,406,3,1,0,0,1,-1,0,-1,0,0,0,0,0,0,0,0,0,0,0,0,0,0,0,0,0,0,0,0,0,0,0,0,0,0,0,0,0,0,0,0,0,0,0,0,0,0,0,1,14
2016,"2016121200",2016-12-12,"BAL","00-0026158","J.Flacco",52,37,324,2,1,0,0,1,1,0,1,0,0,0,0,0,0,0,0,0,0,0,0,0,0,0,0,0,0,0,0,0,0,0,0,0,0,0,0,0,0,0,0,0,0,0,0,0,0,0,1,14
2016,"2016121500",2016-12-15,"SEA","00-0029263","R.Wilson",26,19,229,3,1,0,0,6,12,0,9,0,0,0,0,0,0,0,0,0,0,0,0,0,0,0,0,0,0,0,0,0,0,0,0,0,0,0,0,0,0,0,0,0,0,0,0,0,0,0,1,15
2016,"2016121500",2016-12-15,"LA","00-0033106","J.Goff",25,13,135,0,0,0,0,0,0,0,0,0,0,0,0,0,0,0,0,0,0,0,0,0,0,0,0,0,0,0,0,0,0,0,0,0,0,0,0,0,0,0,0,0,0,1,1,1,0,0,1,15
2016,"2016121500",2016-12-15,"LA","00-0028986","C.Keenum",9,5,32,0,0,0,0,0,0,0,0,0,0,0,0,0,0,0,0,0,0,0,0,0,0,0,0,0,0,0,0,0,0,0,0,0,0,0,0,0,0,0,0,0,0,0,0,0,0,0,1,15
2016,"2016121700",2016-12-17,"NYJ","00-0031568","B.Petty",36,20,235,1,2,0,0,1,0,0,0,0,0,0,0,0,0,0,0,0,0,0,0,0,0,0,0,0,0,0,0,0,0,0,0,0,0,0,0,0,0,0,0,0,0,1,1,1,0,1,1,15
2016,"2016121700",2016-12-17,"NYJ","00-0023682","R.Fitzpatrick",10,5,31,0,1,0,0,2,11,0,8,0,0,0,0,0,0,0,0,0,0,0,0,0,0,0,0,0,0,0,0,0,0,0,0,0,0,0,0,0,0,0,0,0,0,0,0,0,0,0,1,15
2016,"2016121700",2016-12-17,"MIA","00-0025708","M.Moore",18,12,236,4,1,0,0,0,0,0,0,0,0,0,0,0,0,0,0,0,0,0,0,0,0,0,0,0,0,0,0,0,0,0,0,0,0,0,0,0,0,0,0,0,0,0,0,0,0,0,1,15
2016,"2016121802",2016-12-18,"CHI","00-0030533","M.Barkley",43,30,362,2,3,0,0,0,0,0,0,0,0,0,0,0,0,0,0,0,0,0,0,0,0,0,0,0,0,0,0,0,0,0,0,0,0,0,0,0,0,0,0,0,0,1,0,0,0,1,1,15
2016,"2016121802",2016-12-18,"GB","00-0023459","A.Rodgers",31,19,252,0,0,0,0,3,19,0,8,0,0,0,0,0,0,0,0,0,0,0,0,0,0,0,0,0,0,0,0,0,0,0,0,0,0,0,0,0,0,0,0,0,0,0,0,0,0,0,1,15
2016,"2016121801",2016-12-18,"BUF","00-0028118","T.Taylor",24,17,174,1,0,0,0,7,49,0,28,0,0,0,0,0,0,0,0,0,0,0,0,0,0,0,0,0,0,0,0,0,0,0,0,0,0,0,0,0,0,0,0,0,0,0,0,0,0,0,1,15
2016,"2016121801",2016-12-18,"CLE","00-0029665","R.Griffin",28,17,196,0,0,0,0,8,48,1,18,18,0,0,0,0,0,0,0,0,0,0,0,0,0,0,0,0,0,0,0,0,0,0,0,0,0,0,0,0,0,0,0,0,0,1,0,0,-2,0,1,15
2016,"2016121800",2016-12-18,"BAL","00-0026158","J.Flacco",30,16,206,2,1,0,0,1,-1,0,-1,0,0,0,0,0,0,0,0,0,0,0,0,0,0,0,0,0,0,0,0,0,0,0,0,0,0,0,0,0,0,0,0,0,0,1,0,0,0,1,1,15
2016,"2016121800",2016-12-18,"PHI","00-0032950","C.Wentz",42,22,170,0,1,1,0,4,8,1,5,4,0,0,0,0,0,0,0,0,0,0,0,0,0,0,0,0,0,0,0,0,0,0,0,0,0,0,0,0,0,0,0,0,0,2,1,1,-1,0,1,15
2016,"2016121805",2016-12-18,"KC","00-0023436","A.Smith",28,15,163,0,1,0,0,4,11,1,10,10,0,0,0,0,0,0,0,0,0,0,0,0,0,0,0,0,0,0,0,0,0,0,0,0,0,0,0,0,0,0,0,0,0,1,0,0,-5,0,1,15
2016,"2016121805",2016-12-18,"TEN","00-0032268","M.Mariota",33,19,241,0,1,1,0,1,-2,0,-2,0,0,0,0,0,0,0,0,0,0,0,0,0,0,0,0,0,0,0,0,0,0,0,0,0,0,0,0,0,0,0,0,0,0,1,0,0,0,1,1,15
2016,"2016121812",2016-12-18,"CIN","00-0027973","A.Dalton",27,16,157,0,1,0,0,1,1,1,1,1,0,0,0,0,0,0,0,0,0,0,0,0,0,0,0,0,0,0,0,0,0,0,0,0,0,0,0,0,0,0,0,0,0,0,0,0,0,0,1,15
2016,"2016121812",2016-12-18,"PIT","00-0022924","B.Roethlisberger",36,21,286,1,0,1,0,4,-5,0,0,0,0,0,0,0,0,0,0,0,0,0,0,0,0,0,0,0,0,0,0,0,0,0,0,0,0,0,0,0,0,0,0,0,0,1,1,1,-1,0,1,15
2016,"2016121807",2016-12-18,"NYG","00-0022803","E.Manning",28,20,201,2,0,0,0,0,0,0,0,0,0,0,0,0,0,0,0,0,0,0,0,0,0,0,0,0,0,0,0,0,0,0,0,0,0,0,0,0,0,0,0,0,0,0,0,0,0,0,1,15
2016,"2016121807",2016-12-18,"DET","00-0026498","M.Stafford",39,24,273,0,1,0,0,2,13,0,8,0,0,0,0,0,0,0,0,0,0,0,0,0,0,0,0,0,0,0,0,0,0,0,0,0,0,0,0,0,0,0,0,0,0,0,0,0,0,0,1,15
2016,"2016121806",2016-12-18,"MIN","00-0027854","S.Bradford",42,32,291,0,1,0,0,0,0,0,0,0,0,0,0,0,0,0,0,0,0,0,0,0,0,0,0,0,0,0,0,0,0,0,0,0,0,0,0,0,0,0,0,0,0,1,0,0,0,1,1,15
2016,"2016121806",2016-12-18,"IND","00-0029668","A.Luck",28,21,250,2,0,0,0,1,8,0,8,0,0,0,0,0,0,0,0,0,0,0,0,0,0,0,0,0,0,0,0,0,0,0,0,0,0,0,0,0,0,0,0,0,0,0,0,0,0,0,1,15
2016,"2016121804",2016-12-18,"HOU","00-0029682","B.Osweiler",11,6,48,0,2,0,0,0,0,0,0,0,0,0,0,0,0,0,0,0,0,0,0,0,0,0,0,0,0,0,0,0,0,0,0,0,0,0,0,0,0,0,0,0,0,0,0,0,0,0,1,15
2016,"2016121804",2016-12-18,"HOU","00-0031064","T.Savage",36,23,260,0,0,0,0,3,0,0,3,0,0,0,0,0,0,0,0,0,0,0,0,0,0,0,0,0,0,0,0,0,0,0,0,0,0,0,0,0,0,0,0,0,0,0,0,0,0,0,1,15
2016,"2016121804",2016-12-18,"JAX","00-0031407","B.Bortles",28,12,92,0,1,0,0,2,-5,1,1,1,0,0,0,0,0,0,0,0,0,0,0,0,0,0,0,0,0,0,0,0,0,0,0,0,0,0,0,0,0,0,0,0,0,0,0,0,0,0,1,15
2016,"2016121808",2016-12-18,"ARI","00-0021429","C.Palmer",40,28,318,2,0,0,0,0,0,0,0,0,0,0,0,0,0,0,0,0,0,0,0,0,0,0,0,0,0,0,0,0,0,0,0,0,0,0,0,0,0,0,0,0,0,0,0,0,0,0,1,15
2016,"2016121808",2016-12-18,"NO","00-0020531","D.Brees",48,37,389,4,0,0,0,2,-2,0,-1,0,0,0,0,0,0,0,0,0,0,0,0,0,0,0,0,0,0,0,0,0,0,0,0,0,0,0,0,0,0,0,0,0,0,1,0,0,0,1,1,15
2016,"2016121809",2016-12-18,"ATL","00-0026143","M.Ryan",23,17,286,2,0,0,0,1,-1,0,-1,0,0,0,0,0,0,0,0,0,0,0,0,0,0,0,0,0,0,0,0,0,0,0,0,0,0,0,0,0,0,0,0,0,0,0,0,0,0,0,1,15
2016,"2016121809",2016-12-18,"SF","00-0027974","C.Kaepernick",33,20,183,2,0,0,0,3,21,0,17,0,0,0,0,0,0,0,0,0,0,0,0,0,0,0,0,0,0,0,0,0,0,0,0,0,0,0,0,0,0,0,0,0,0,0,0,0,0,0,1,15
2016,"2016121811",2016-12-18,"SD","00-0022942","P.Rivers",30,17,206,2,1,0,0,0,0,0,0,0,0,0,0,0,0,0,0,0,0,0,0,0,0,0,0,0,0,0,0,0,0,0,0,0,0,0,0,0,0,0,0,0,0,0,0,0,0,0,1,15
2016,"2016121811",2016-12-18,"OAK","00-0031280","D.Carr",30,19,213,1,1,0,0,5,5,0,8,0,0,0,0,0,0,0,0,0,0,0,0,0,0,0,0,0,0,0,0,0,0,0,0,0,0,0,0,0,0,0,0,0,0,0,0,0,0,0,1,15
2016,"2016121810",2016-12-18,"DEN","00-0032156","T.Siemian",40,25,282,0,1,0,0,1,4,0,4,0,0,0,0,0,0,0,0,0,0,0,0,0,0,0,0,0,0,0,0,0,0,0,0,0,0,0,0,0,0,0,0,0,0,0,0,0,0,0,1,15
2016,"2016121810",2016-12-18,"NE","00-0019596","T.Brady",32,16,188,0,0,0,0,1,-1,0,-1,0,0,0,0,0,0,0,0,0,0,0,0,0,0,0,0,0,0,0,0,0,0,0,0,0,0,0,0,0,0,0,0,0,0,2,1,1,0,0,1,15
2016,"2016121803",2016-12-18,"DAL","00-0033077","D.Prescott",36,32,279,0,0,0,0,4,20,1,15,2,0,0,0,0,0,0,0,0,0,0,0,0,0,0,0,0,0,0,0,0,0,0,0,0,0,0,0,0,0,0,0,0,0,0,0,0,0,0,1,15
2016,"2016121803",2016-12-18,"TB","00-0031503","J.Winston",35,17,247,2,3,0,0,1,6,0,6,0,0,0,0,0,0,0,0,0,0,0,0,0,0,0,0,0,0,0,0,0,0,0,0,0,0,0,0,0,0,0,0,0,0,2,0,0,0,1,1,15
2016,"2016121900",2016-12-19,"WAS","00-0029604","K.Cousins",47,32,315,0,1,0,0,2,11,0,12,0,0,0,0,0,0,0,0,0,0,0,0,0,0,0,0,0,0,0,0,0,0,0,0,0,0,0,0,0,0,0,0,0,0,1,0,0,0,1,1,15
2016,"2016121900",2016-12-19,"CAR","00-0027939","C.Newton",37,21,300,2,0,0,0,3,0,0,1,0,0,0,0,0,0,0,0,0,0,0,0,0,0,0,0,0,0,0,0,0,0,0,0,0,0,0,0,0,0,0,0,0,0,0,0,0,0,0,1,15
2016,"2016122200",2016-12-22,"PHI","00-0032950","C.Wentz",24,13,152,1,1,0,0,4,27,0,11,0,0,0,0,0,0,0,0,0,0,0,0,0,0,0,0,0,0,0,0,0,0,0,0,0,0,0,0,0,0,0,0,0,0,0,0,0,0,0,1,16
2016,"2016122200",2016-12-22,"NYG","00-0022803","E.Manning",63,38,356,1,3,0,0,0,0,0,0,0,0,0,0,0,0,0,0,0,0,0,0,0,0,0,0,0,0,0,0,0,0,0,0,0,0,0,0,0,0,0,0,0,0,0,0,0,0,0,1,16
2016,"2016122400",2016-12-24,"BUF","00-0028118","T.Taylor",39,26,329,3,0,0,0,12,60,0,23,0,0,0,0,0,0,0,0,0,0,0,0,0,0,0,0,0,0,0,0,0,0,0,0,0,0,0,0,0,0,0,0,0,0,0,0,0,0,0,1,16
2016,"2016122400",2016-12-24,"MIA","00-0025708","M.Moore",30,16,233,2,1,0,0,1,-1,0,-1,0,0,0,0,0,0,0,0,0,0,0,0,0,0,0,0,0,0,0,0,0,0,0,0,0,0,0,0,0,0,0,0,0,0,0,0,0,0,0,1,16
2016,"2016122406",2016-12-24,"NE","00-0019596","T.Brady",27,17,214,3,0,0,0,0,0,0,0,0,0,0,0,0,0,0,0,0,0,0,0,0,0,0,0,0,0,0,0,0,0,0,0,0,0,0,0,0,0,0,0,0,0,1,1,1,0,0,1,16
2016,"2016122406",2016-12-24,"NYJ","00-0023682","R.Fitzpatrick",21,8,136,0,2,0,0,1,3,0,3,0,0,0,0,0,0,0,0,0,0,0,0,0,0,0,0,0,0,0,0,0,0,0,0,0,0,0,0,0,0,0,0,0,0,0,0,0,0,0,1,16
2016,"2016122405",2016-12-24,"JAX","00-0031407","B.Bortles",38,26,325,1,0,0,0,3,7,0,7,0,0,0,1,20,1,20,20,0,0,0,0,0,0,0,0,0,0,0,0,0,0,0,0,0,0,0,0,0,0,0,0,0,0,1,0,0,0,0,1,16
2016,"2016122405",2016-12-24,"TEN","00-0023662","M.Cassel",24,13,124,1,1,0,0,0,0,0,0,0,0,0,0,0,0,0,0,0,0,0,0,0,0,0,0,0,0,0,0,0,0,0,0,0,0,0,0,0,0,0,0,0,0,1,1,1,0,0,1,16
2016,"2016122405",2016-12-24,"TEN","00-0032268","M.Mariota",20,8,99,1,0,0,0,2,3,0,4,0,0,0,0,0,0,0,0,0,0,0,0,0,0,0,0,0,0,0,0,0,0,0,0,0,0,0,0,0,0,0,0,0,0,0,0,0,0,0,1,16
2016,"2016122404",2016-12-24,"GB","00-0023459","A.Rodgers",38,28,347,4,0,0,0,2,13,1,7,6,0,0,0,0,0,0,0,0,0,0,0,0,0,0,0,0,0,0,0,0,0,0,0,0,0,0,0,0,0,0,0,0,0,0,0,0,0,0,1,16
2016,"2016122404",2016-12-24,"MIN","00-0027854","S.Bradford",50,34,382,3,0,0,0,2,5,0,5,0,0,0,0,0,0,0,0,0,0,0,0,0,0,0,0,0,0,0,0,0,0,0,0,0,0,0,0,0,0,0,0,0,0,1,0,0,0,1,1,16
2016,"2016122403",2016-12-24,"CLE","00-0029665","R.Griffin",25,17,164,0,0,0,0,6,42,0,12,0,0,0,0,0,0,0,0,0,0,0,0,0,0,0,0,0,0,0,0,0,0,0,0,0,0,0,0,0,0,0,0,0,0,0,0,0,0,0,1,16
2016,"2016122403",2016-12-24,"SD","00-0022942","P.Rivers",46,23,322,2,1,0,0,1,0,0,0,0,0,0,0,0,0,0,0,0,0,0,0,0,0,0,0,0,0,0,0,0,0,0,0,0,0,0,0,0,0,0,0,0,0,1,1,1,-3,0,1,16
2016,"2016122402",2016-12-24,"CHI","00-0030533","M.Barkley",40,24,323,2,5,0,0,0,0,0,0,0,0,0,0,0,0,0,0,0,0,0,0,0,0,0,0,0,0,0,0,0,0,0,0,0,0,0,0,0,0,0,0,0,0,0,0,0,0,0,1,16
2016,"2016122402",2016-12-24,"WAS","00-0029604","K.Cousins",29,18,270,1,0,0,0,5,30,2,13,9,0,0,0,0,0,0,0,0,0,0,0,0,0,0,0,0,0,0,0,0,0,0,0,0,0,0,0,0,0,0,0,0,0,0,0,0,0,0,1,16
2016,"2016122401",2016-12-24,"CAR","00-0027939","C.Newton",43,18,198,1,2,0,0,8,36,0,9,0,0,0,0,0,0,0,0,0,0,0,0,0,0,0,0,0,0,0,0,0,0,0,0,0,0,0,0,0,0,0,0,0,0,0,0,0,0,0,1,16
2016,"2016122401",2016-12-24,"ATL","00-0026143","M.Ryan",33,27,277,2,0,0,0,2,9,0,7,0,0,0,0,0,0,0,0,0,0,0,0,0,0,0,0,0,0,0,0,0,0,0,0,0,0,0,0,0,0,0,0,0,0,1,0,0,0,0,1,16
2016,"2016122408",2016-12-24,"OAK","00-0031280","D.Carr",30,20,228,3,0,0,0,1,8,0,8,0,0,0,0,0,0,0,0,0,0,0,0,0,0,0,0,0,0,0,0,0,0,0,0,0,0,0,0,0,0,0,0,0,0,0,0,0,0,0,1,16
2016,"2016122408",2016-12-24,"IND","00-0029668","A.Luck",29,19,288,2,2,1,1,4,12,1,11,11,0,0,0,0,0,0,0,0,0,0,0,0,0,0,0,0,0,0,0,0,0,0,0,0,0,0,0,0,0,0,0,0,0,0,0,0,0,0,1,16
2016,"2016122407",2016-12-24,"NO","00-0020531","D.Brees",34,23,299,1,0,0,0,4,1,0,4,0,0,0,0,0,0,0,0,0,0,0,0,0,0,0,0,0,0,0,0,0,0,0,0,0,0,0,0,0,0,0,0,0,0,0,0,0,0,0,1,16
2016,"2016122407",2016-12-24,"TB","00-0031503","J.Winston",35,23,277,2,2,0,0,3,14,0,8,0,0,0,0,0,0,0,0,0,0,0,0,0,0,0,0,0,0,0,0,0,0,0,0,0,0,0,0,0,0,0,0,0,0,0,0,0,0,0,1,16
2016,"2016122410",2016-12-24,"SEA","00-0029263","R.Wilson",45,29,350,4,0,1,1,10,36,0,15,0,0,0,0,0,0,0,0,0,0,0,0,0,0,0,0,0,0,0,0,0,0,0,0,0,0,0,0,0,0,0,0,0,0,1,0,0,-1,1,1,16
2016,"2016122410",2016-12-24,"ARI","00-0021429","C.Palmer",26,16,284,1,0,0,0,1,-1,0,-1,0,0,0,0,0,0,0,0,0,0,0,0,0,0,0,0,0,0,0,0,0,0,0,0,0,0,0,0,0,0,0,0,0,0,0,0,0,0,0,1,16
2016,"2016122409",2016-12-24,"LA","00-0033106","J.Goff",24,11,90,1,2,0,0,2,4,0,5,0,0,0,0,0,0,0,0,0,0,0,0,0,0,0,0,0,0,0,0,0,0,0,0,0,0,0,0,0,0,0,0,0,0,0,0,0,0,0,1,16
2016,"2016122409",2016-12-24,"SF","00-0027974","C.Kaepernick",38,28,266,2,1,0,0,6,15,1,13,13,1,1,0,0,0,0,0,0,0,0,0,0,0,0,0,0,0,0,0,0,0,0,0,0,0,0,0,0,0,0,0,0,0,0,0,0,0,0,1,16
2016,"2016122411",2016-12-24,"HOU","00-0031064","T.Savage",29,18,176,0,0,0,0,1,11,0,11,0,0,0,0,0,0,0,0,0,0,0,0,0,0,0,0,0,0,0,0,0,0,0,0,0,0,0,0,0,0,0,0,0,0,0,0,0,0,0,1,16
2016,"2016122411",2016-12-24,"CIN","00-0027973","A.Dalton",41,28,268,1,1,0,0,0,0,0,0,0,0,0,0,0,0,0,0,0,0,0,0,0,0,0,0,0,0,0,0,0,0,0,0,0,0,0,0,0,0,0,0,0,0,0,0,0,0,0,1,16
2016,"2016122500",2016-12-25,"PIT","00-0022924","B.Roethlisberger",33,24,279,3,2,0,0,1,-1,0,-1,0,0,0,0,0,0,0,0,0,0,0,0,0,0,0,0,0,0,0,0,0,0,0,0,0,0,0,0,0,0,0,0,0,0,0,0,0,0,0,1,16
2016,"2016122500",2016-12-25,"BAL","00-0026158","J.Flacco",44,30,262,1,1,1,1,0,0,0,0,0,0,0,0,0,0,0,0,0,0,0,0,0,0,0,0,0,0,0,0,0,0,0,0,0,0,0,0,0,0,0,0,0,0,0,0,0,0,0,1,16
2016,"2016122501",2016-12-25,"KC","00-0023436","A.Smith",36,25,244,1,1,0,0,4,46,1,24,10,0,0,0,0,0,0,0,0,0,0,0,0,0,0,0,0,0,0,0,0,0,0,0,0,0,0,0,0,0,0,0,0,0,0,0,0,0,0,1,16
2016,"2016122501",2016-12-25,"DEN","00-0032156","T.Siemian",43,17,183,0,1,0,0,0,0,0,0,0,0,0,0,0,0,0,0,0,0,0,0,0,0,0,0,0,0,0,0,0,0,0,0,0,0,0,0,0,0,0,0,0,0,0,0,0,0,0,1,16
2016,"2016122600",2016-12-26,"DAL","00-0033077","D.Prescott",20,15,212,3,0,0,0,4,35,0,15,0,0,0,0,0,0,0,0,0,0,0,0,0,0,0,0,0,0,0,0,0,0,0,0,0,0,0,0,0,0,0,0,0,0,0,0,0,0,0,1,16
2016,"2016122600",2016-12-26,"DET","00-0026498","M.Stafford",46,26,260,0,1,0,0,1,1,1,1,1,0,0,0,0,0,0,0,0,0,0,0,0,0,0,0,0,0,0,0,0,0,0,0,0,0,0,0,0,0,0,0,0,0,1,0,0,0,1,1,16
2016,"2017010101",2017-01-01,"CIN","00-0027973","A.Dalton",28,18,226,1,0,0,0,4,4,0,5,0,0,0,0,0,0,0,0,0,0,0,0,0,0,0,0,0,0,0,0,0,0,0,0,0,0,0,0,0,0,0,0,0,0,0,0,0,0,0,1,17
2016,"2017010101",2017-01-01,"BAL","00-0026158","J.Flacco",49,32,267,0,1,0,0,0,0,0,0,0,0,0,0,0,0,0,0,0,0,0,0,0,0,0,0,0,0,0,0,0,0,0,0,0,0,0,0,0,0,0,0,0,0,0,0,0,0,0,1,17
2016,"2017010110",2017-01-01,"TEN","00-0023662","M.Cassel",26,16,150,1,1,0,0,2,2,0,3,0,0,0,0,0,0,0,0,0,0,0,0,0,0,0,0,0,0,0,0,0,0,0,0,0,0,0,0,0,0,0,0,0,0,0,0,0,0,0,1,17
2016,"2017010110",2017-01-01,"HOU","00-0031064","T.Savage",8,5,25,0,0,0,0,2,1,0,2,0,0,0,0,0,0,0,0,0,0,0,0,0,0,0,0,0,0,0,0,0,0,0,0,0,0,0,0,0,0,0,0,0,0,1,0,0,0,1,1,17
2016,"2017010110",2017-01-01,"HOU","00-0029682","B.Osweiler",40,21,253,1,0,0,0,1,1,1,1,1,0,0,0,0,0,0,0,0,0,0,0,0,0,0,0,0,0,0,0,0,0,0,0,0,0,0,0,0,0,0,0,0,0,0,0,0,0,0,1,17
2016,"2017010109",2017-01-01,"TB","00-0031503","J.Winston",35,20,202,1,1,0,0,3,18,0,10,0,0,0,0,0,0,0,0,0,0,0,0,0,0,0,0,0,0,0,0,0,0,0,0,0,0,0,0,0,0,0,0,0,0,1,0,0,0,1,1,17
2016,"2017010109",2017-01-01,"CAR","00-0027939","C.Newton",32,18,237,1,3,1,0,3,6,0,5,0,0,0,0,0,0,0,0,0,0,0,0,0,0,0,0,0,0,0,0,0,0,0,0,0,0,0,0,0,0,0,0,0,0,0,0,0,0,0,1,17
2016,"2017010108",2017-01-01,"PIT","00-0030524","L.Jones",37,24,277,3,1,0,0,0,0,0,0,0,0,0,0,0,0,0,0,0,0,0,0,0,0,0,0,0,0,0,0,0,0,0,0,0,0,0,0,0,0,0,0,0,0,0,0,1,0,0,1,17
2016,"2017010108",2017-01-01,"CLE","00-0029665","R.Griffin",40,29,232,2,1,0,0,5,32,0,19,0,0,0,0,0,0,0,0,0,0,0,0,0,0,0,0,0,0,0,0,0,0,0,0,0,0,0,0,0,0,0,0,0,0,2,0,0,-16,1,1,17
2016,"2017010107",2017-01-01,"PHI","00-0032950","C.Wentz",43,27,245,2,0,0,0,1,13,0,13,0,0,0,0,0,0,0,0,0,0,0,0,0,0,0,0,0,0,0,0,0,0,0,0,0,0,0,0,0,0,0,0,0,0,0,0,0,0,0,1,17
2016,"2017010107",2017-01-01,"DAL","00-0026898","M.Sanchez",17,9,85,0,2,0,0,2,0,0,1,0,0,0,0,0,0,0,0,0,0,0,0,0,0,0,0,0,0,0,0,0,0,0,0,0,0,0,0,0,0,0,0,0,0,0,0,0,0,0,1,17
2016,"2017010107",2017-01-01,"DAL","00-0033077","D.Prescott",8,4,37,0,0,0,0,1,9,0,9,0,0,0,0,0,0,0,0,0,0,0,0,0,0,0,0,0,0,0,0,0,0,0,0,0,0,0,0,0,0,0,0,0,0,0,0,0,0,0,1,17
2016,"2017010107",2017-01-01,"DAL","00-0021678","T.Romo",4,3,29,1,0,0,0,0,0,0,0,0,0,0,0,0,0,0,0,0,0,0,0,0,0,0,0,0,0,0,0,0,0,0,0,0,0,0,0,0,0,0,0,0,0,0,0,0,0,0,1,17
2016,"2017010106",2017-01-01,"NYJ","00-0023682","R.Fitzpatrick",30,20,210,2,0,0,0,2,0,0,0,0,0,0,0,0,0,0,0,0,0,0,0,0,0,0,0,0,0,0,0,0,0,0,0,0,0,0,0,0,0,0,0,0,0,1,0,0,-4,0,1,17
2016,"2017010106",2017-01-01,"BUF","00-0030526","E.Manuel",20,9,86,0,0,0,0,2,8,0,6,0,0,0,0,0,0,0,0,0,0,0,0,0,0,0,0,0,0,0,0,0,0,0,0,0,0,0,0,0,0,0,0,0,0,1,0,0,0,1,1,17
2016,"2017010106",2017-01-01,"BUF","00-0033098","C.Jones",11,6,96,0,1,0,0,1,-1,0,-1,0,0,0,0,0,0,0,0,0,0,0,0,0,0,0,0,0,0,0,0,0,0,0,0,0,0,0,0,0,0,0,0,0,0,0,0,0,0,0,1,17
2016,"2017010105",2017-01-01,"MIN","00-0027854","S.Bradford",33,25,250,3,1,0,0,1,24,0,24,0,0,0,0,0,0,0,0,0,0,0,0,0,0,0,0,0,0,0,0,0,0,0,0,0,0,0,0,0,0,0,0,0,0,0,0,0,0,0,1,17
2016,"2017010105",2017-01-01,"CHI","00-0030533","M.Barkley",14,10,125,0,2,0,0,0,0,0,0,0,0,0,1,2,1,2,2,0,0,0,0,0,0,0,0,0,0,0,0,0,0,0,0,0,0,0,0,0,0,0,0,0,0,1,0,0,0,1,1,17
2016,"2017010105",2017-01-01,"CHI","00-0031076","D.Fales",5,2,22,0,0,0,0,1,0,0,0,0,0,0,0,0,0,0,0,0,0,0,0,0,0,0,0,0,0,0,0,0,0,0,0,0,0,0,0,0,0,0,0,0,0,1,0,0,0,0,1,17
2016,"2017010103",2017-01-01,"IND","00-0029668","A.Luck",40,24,321,2,1,0,0,3,17,0,12,0,0,0,0,0,0,0,0,0,0,0,0,0,0,0,0,0,0,0,0,0,0,0,0,0,0,0,0,0,0,0,0,0,0,1,0,0,-3,1,1,17
2016,"2017010103",2017-01-01,"JAX","00-0031407","B.Bortles",39,25,301,1,0,0,0,3,21,0,16,0,0,0,0,0,0,0,0,0,0,0,0,0,0,0,0,0,0,0,0,0,0,0,0,0,0,0,0,0,0,0,0,0,0,2,0,0,0,2,1,17
2016,"2017010104",2017-01-01,"MIA","00-0025708","M.Moore",34,24,205,2,1,0,0,0,0,0,0,0,0,0,0,0,0,0,0,0,0,0,0,0,0,0,0,0,0,0,0,0,0,0,0,0,0,0,0,0,0,0,0,0,0,1,1,1,0,0,1,17
2016,"2017010104",2017-01-01,"NE","00-0019596","T.Brady",33,25,276,3,0,1,1,1,6,0,6,0,0,0,0,0,0,0,0,0,0,0,0,0,0,0,0,0,0,0,0,0,0,0,0,0,0,0,0,0,0,0,0,0,0,0,0,0,0,0,1,17
2016,"2017010114",2017-01-01,"SD","00-0022942","P.Rivers",38,22,269,2,2,0,0,1,1,0,1,0,0,0,0,0,0,0,0,0,0,0,0,0,0,0,0,0,0,0,0,0,0,0,0,0,0,0,0,0,0,0,0,0,0,0,0,0,0,0,1,17
2016,"2017010114",2017-01-01,"KC","00-0023436","A.Smith",28,21,264,2,1,0,0,6,21,1,9,5,0,0,0,0,0,0,0,0,0,0,0,0,0,0,0,0,0,0,0,0,0,0,0,0,0,0,0,0,0,0,0,0,0,0,0,0,0,0,1,17
2016,"2017010113",2017-01-01,"LA","00-0033106","J.Goff",20,13,120,0,0,0,0,0,0,0,0,0,0,0,0,0,0,0,0,0,0,0,0,0,0,0,0,0,0,0,0,0,0,0,0,0,0,0,0,0,0,0,0,0,0,2,0,0,0,0,1,17
2016,"2017010113",2017-01-01,"LA","00-0032245","S.Mannion",6,3,19,0,1,0,0,1,-1,0,-1,0,0,0,0,0,0,0,0,0,0,0,0,0,0,0,0,0,0,0,0,0,0,0,0,0,0,0,0,0,0,0,0,0,0,1,0,0,0,0,1,17
2016,"2017010113",2017-01-01,"ARI","00-0025430","D.Stanton",4,2,8,0,1,0,0,0,0,0,0,0,0,0,0,0,0,0,0,0,0,0,0,0,0,0,0,0,0,0,0,0,0,0,0,0,0,0,0,0,0,0,0,0,0,0,0,0,0,0,1,17
2016,"2017010113",2017-01-01,"ARI","00-0021429","C.Palmer",38,20,255,3,1,0,0,0,0,0,0,0,0,0,0,0,0,0,0,0,0,0,0,0,0,0,0,0,0,0,0,0,0,0,0,0,0,0,0,0,0,0,0,0,0,0,0,0,0,0,1,17
2016,"2017010112",2017-01-01,"DEN","00-0032156","T.Siemian",27,17,206,2,1,0,0,2,-5,0,-2,0,0,0,0,0,0,0,0,0,0,0,0,0,0,0,0,0,0,0,0,0,0,0,0,0,0,0,0,0,0,0,0,0,0,0,0,0,0,0,1,17
2016,"2017010112",2017-01-01,"OAK","00-0032893","C.Cook",21,14,150,1,1,1,0,0,0,0,0,0,0,0,0,0,0,0,0,0,0,0,0,0,0,0,0,0,0,0,0,0,0,0,0,0,0,0,0,0,0,0,0,0,0,2,0,0,0,1,1,17
2016,"2017010112",2017-01-01,"OAK","00-0030419","M.McGloin",11,6,21,0,0,0,0,0,0,0,0,0,0,0,0,0,0,0,0,0,0,0,0,0,0,0,0,0,0,0,0,0,0,0,0,0,0,0,0,0,0,0,0,0,0,0,0,0,0,0,1,17
2016,"2017010111",2017-01-01,"WAS","00-0029604","K.Cousins",35,22,287,1,2,0,0,0,0,0,0,0,0,0,0,0,0,0,0,0,0,0,0,0,0,0,0,0,0,0,0,0,0,0,0,0,0,0,0,0,0,0,0,0,0,0,0,0,0,0,1,17
2016,"2017010111",2017-01-01,"NYG","00-0022803","E.Manning",27,17,180,0,0,0,0,0,0,0,0,0,0,0,0,0,0,0,0,0,0,0,0,0,0,0,0,0,0,0,0,0,0,0,0,0,0,0,0,0,0,0,0,0,0,0,0,0,0,0,1,17
2016,"2017010115",2017-01-01,"SF","00-0027974","C.Kaepernick",22,17,215,1,0,0,0,5,16,0,11,0,0,0,0,0,0,0,0,0,0,0,0,0,0,0,0,0,0,0,0,0,0,0,0,0,0,0,0,0,0,0,0,0,0,2,1,1,-4,1,1,17
2016,"2017010115",2017-01-01,"SEA","00-0032462","T.Boykin",6,4,42,0,0,0,0,4,7,0,11,0,0,0,0,0,0,0,0,0,0,0,0,0,0,0,0,0,0,0,0,0,0,0,0,0,0,0,0,0,0,0,0,0,0,1,1,1,0,0,1,17
2016,"2017010115",2017-01-01,"SEA","00-0029263","R.Wilson",32,19,258,1,0,0,0,2,4,0,4,0,0,0,0,0,0,0,0,0,0,0,0,0,0,0,0,0,0,0,0,0,0,0,0,0,0,0,0,0,0,0,0,0,0,1,1,1,0,0,1,17
2016,"2017010100",2017-01-01,"ATL","00-0026143","M.Ryan",36,27,331,4,0,0,0,2,2,0,3,0,0,0,0,0,0,0,0,0,0,0,0,0,0,0,0,0,0,0,0,0,0,0,0,0,0,0,0,0,0,0,0,0,0,0,0,0,0,0,1,17
2016,"2017010100",2017-01-01,"NO","00-0020531","D.Brees",50,29,350,2,1,1,0,0,0,0,0,0,0,0,0,0,0,0,0,0,0,0,0,0,0,0,0,0,0,0,0,0,0,0,0,0,0,0,0,0,0,0,0,0,0,0,0,0,0,0,1,17
2016,"2017010102",2017-01-01,"DET","00-0026498","M.Stafford",41,26,347,2,1,0,0,0,0,0,0,0,0,0,0,0,0,0,0,0,0,0,0,0,0,0,0,0,0,0,0,0,0,0,0,0,0,0,0,0,0,0,0,0,0,0,0,0,0,0,1,17
2016,"2017010102",2017-01-01,"GB","00-0023459","A.Rodgers",39,27,300,4,0,1,1,10,42,0,13,0,0,0,0,0,0,0,0,0,0,0,0,0,0,0,0,0,0,0,0,0,0,0,0,0,0,0,0,0,0,0,0,0,0,0,0,0,0,0,1,17
